District ID,District Name,County,Organization Type,Total ASE,Adequacy Funding Gap,Final Adequacy Level ,Adequacy Funding Gap (Per Pupil)
0100000000092,ADAM/BRW/CS/MRGN/PK/SCT ROE - TAOEP,ADAMS,Regional,33,132562.69,0.745358696,4017.051212
0100000000093,ADAM/BRW/CS/MRGN/PK/SCT ROE - RSSP,ADAMS,Regional,44.31,-107595.85,1.168918442,-2428.252088
0100100102600,PAYSON COMM UNIT SCHOOL DIST 1,ADAMS,Unit,435.38,896141.94,0.858019577,2058.29836
0100100202600,LIBERTY COMM UNIT SCHOOL DIST 2,ADAMS,Unit,565.63,1651351.16,0.785626184,2919.490055
0100100302600,CAMP POINT C U SCHOOL DIST 3,ADAMS,Unit,749.54,1068032.47,0.897996192,1424.917243
0100100402600,COMMUNITY UNIT SCHOOL DIST 4,ADAMS,Unit,636,1737470.92,0.80465645,2731.872516
0100117202200,QUINCY SCHOOL DISTRICT 172,ADAMS,Unit,5900.52,21654605.15,0.752131977,3669.948606
0100500102600,BROWN COUNTY C U SCH DIST 1,BROWN,Unit,613,463538.67,0.945689074,756.1805383
0100901502600,BEARDSTOWN C U SCH DIST 15,CASS,Unit,1377.25,7613928.75,0.681429574,5528.356326
0100906402600,VIRGINIA C U SCH DIST 64,CASS,Unit,305.25,1186304.82,0.71813131,3886.338477
0100926202600,A C CENTRAL CUSD 262,CASS,Unit,304.7,-349113.39,1.081514615,-1145.761044
0106900102600,FRANKLIN C U SCHOOL DISTRICT 1,MORGAN,Unit,255.38,-1066597.31,1.302782195,-4176.510729
0106900602600,WAVERLY C U SCHOOL DIST 6,MORGAN,Unit,309.38,-558854.48,1.126735401,-1806.369125
0106901102600,MEREDOSIA-CHAMBERSBURG CUSD 11,MORGAN,Unit,183.04,-317895.32,1.118576077,-1736.753278
0106902702600,TRIOPIA C U SCHOOL DISTRICT 27,MORGAN,Unit,367.25,1105215.28,0.781324627,3009.435752
0106911702200,JACKSONVILLE SCHOOL DIST 117,MORGAN,Unit,2965.95,11408066.75,0.741515551,3846.344932
0107500302600,PLEASANT HILL C U SCH DIST 3,PIKE,Unit,327.86,1413690.66,0.696438122,4311.872934
0107500402600,GRIGGSVILLE-PERRY C U SCH DIST 4,PIKE,Unit,300.55,125686.91,0.970450836,418.1896856
0107501002600,PIKELAND C U SCH DIST 10,PIKE,Unit,1106.25,4315212.57,0.73383229,3900.757125
0107501202600,WESTERN CUSD 12,PIKE,Unit,461.64,1325675.64,0.802042778,2871.665454
0108600102600,WINCHESTER C U SCH DIST 1,SCOTT,Unit,513.79,1520775.1,0.792627162,2959.915724
0108600202600,SCOTT-MORGAN C U SCHOOL DIST 2,SCOTT,Unit,163.2,-115412.19,1.051010525,-707.1825368
0300000000092,BOND/CH/EFHM/FYT/MNTGMY ROE - TAOEP,FAYETTE,Regional,96.65,398890.15,0.734542967,4127.161407
0300000000093,BOND/CH/EFHM/FYT/MNTGMY ROE - RSSP,FAYETTE,Regional,37,1250.25,0.997428537,33.79054054
0300300102600,MULBERRY GROVE C U SCH DIST 1,BOND,Unit,304.61,377142.26,0.914932366,1238.115164
0300300202600,BOND CO C U SCHOOL DIST 2,BOND,Unit,1473.54,3927773.03,0.813208607,2665.535398
0301100102600,MORRISONVILLE C U SCH DIST 1,CHRISTIAN,Unit,264.28,272485.86,0.926259542,1031.049871
0301100302600,TAYLORVILLE C U SCH DIST 3,CHRISTIAN,Unit,2071.11,7345910.78,0.759431693,3546.847237
0301100402600,EDINBURG C U SCH DIST 4,CHRISTIAN,Unit,208.7,130698.18,0.955491418,626.2490656
0301100802600,PANA COMM UNIT SCHOOL DIST 8,CHRISTIAN,Unit,1094.5,3854657.78,0.764150791,3521.843563
0301101402400,SOUTH FORK SCHOOL DISTRICT 14,CHRISTIAN,Unit,259.77,918197.56,0.759705236,3534.655888
0302501002600,ALTAMONT COMM UNIT SCH DIST 10,EFFINGHAM,Unit,676.95,2394938.99,0.757079744,3537.837344
0302502002600,BEECHER CITY C U SCHOOL DIST 20,EFFINGHAM,Unit,328.55,109132.48,0.976399865,332.1639933
0302503002600,DIETERICH COMM UNIT SCH DIST 30,EFFINGHAM,Unit,605,2788372.96,0.664680308,4608.880926
0302504002600,EFFINGHAM COMM UNIT SCH DIST 40,EFFINGHAM,Unit,2178.12,-185402.75,1.005872063,-85.12053973
0302505002600,TEUTOPOLIS C U SCHOOL DIST 50,EFFINGHAM,Unit,1117.25,3818189.23,0.739974239,3417.488682
0302620102600,BROWNSTOWN C U SCH DIST 201,FAYETTE,Unit,379.25,1612556.84,0.705696938,4251.962663
0302620202600,ST ELMO C U SCHOOL DIST 202,FAYETTE,Unit,372.12,1371282.01,0.75368829,3685.053236
0302620302600,VANDALIA C U SCH DIST 203,FAYETTE,Unit,1344.75,5429841.49,0.722224962,4037.807392
0302620402600,RAMSEY COMM UNIT SCH DIST 204,FAYETTE,Unit,363.28,896431.68,0.829752093,2467.605373
0306800202600,PANHANDLE COMM UNIT SCH DIST 2,MONTGOMERY,Unit,408.75,103252.56,0.982040602,252.6056514
0306800302600,HILLSBORO COMM UNIT SCH DIST 3,MONTGOMERY,Unit,1415.85,5955034.25,0.708708147,4205.978211
0306801202600,LITCHFIELD C U SCHOOL DIST 12,MONTGOMERY,Unit,1192.87,4392623.22,0.754477377,3682.398937
0306802202600,NOKOMIS COMM UNIT SCH DIST 22,MONTGOMERY,Unit,548.5,1937587.45,0.754168911,3532.520419
0400000000092,BOONE/WINNEBAGO ROE - TAOEP,WINNEBAGO,Regional,15.64,-91265.83,1.434960187,-5835.411125
0400000000093,BOONE/WINNEBAGO ROE - RSSP,WINNEBAGO,Regional,154.66,449211.98,0.816165062,2904.512996
0400000000095,BOONE/WINNEBAGO ROE - ALOP,WINNEBAGO,Regional,220,1697939.58,0.52083814,7717.907182
0400410002600,BELVIDERE C U SCH DIST 100,BOONE,Unit,7211.05,30761128.68,0.733789411,4265.832116
0400420002600,NORTH BOONE C U SCH DIST 200,BOONE,Unit,1445.28,4520601.13,0.792106263,3127.837602
0410112202200,HARLEM UNIT DIST 122,WINNEBAGO,Unit,5932.69,21451161.19,0.759533974,3615.756291
0410113100400,KINNIKINNICK C C SCH DIST 131,WINNEBAGO,Elementary,1641.71,5061545.03,0.766286097,3083.093256
0410113300400,PRAIRIE HILL C C SCH DIST 133,WINNEBAGO,Elementary,745.25,2838322.75,0.705971665,3808.551157
0410113400400,SHIRLAND C C SCHOOL DIST 134,WINNEBAGO,Elementary,102.06,-55332.96,1.042027358,-542.1610817
0410114000400,ROCKTON SCH DIST 140,WINNEBAGO,Elementary,1547.29,6070634,0.703729239,3923.397682
0410120502500,ROCKFORD SCHOOL DIST 205,WINNEBAGO,Unit,26418.75,153921204.1,0.651366589,5826.210706
0410120701600,HONONEGAH COMM H S DIST 207,WINNEBAGO,High School,1832.49,7331572.49,0.731108951,4000.879945
0410132002600,SOUTH BELOIT C U SCH DIST 320,WINNEBAGO,Unit,844.78,3917371.57,0.701214136,4637.149992
0410132102600,PECATONICA C U SCH DIST 321,WINNEBAGO,Unit,878.77,3460314.39,0.716690944,3937.679245
0410132202600,DURAND C U SCH DIST 322,WINNEBAGO,Unit,484.96,-673746.24,1.101191572,-1389.282085
0410132302600,WINNEBAGO C U SCH DIST 323,WINNEBAGO,Unit,1226.29,4473145.82,0.73770704,3647.70635
0500000000093,REGION 05 NORTH COOK ISC 1 - RSSP,COOK,Regional,29,41905.37,0.916448837,1445.012759
0500000000095,REGION 05 NORTH COOK ISC 1 - ALOP,COOK,Regional,1406,18153094.01,0.267209261,12911.16217
0501601500400,PALATINE C C SCHOOL DIST 15,COOK,Elementary,10794.75,35284846.8,0.804810319,3268.704398
0501602100400,WHEELING C C SCHOOL DIST 21,COOK,Elementary,5882.5,21685152.98,0.800622216,3686.383847
0501602300200,PROSPECT HEIGHTS SCHOOL DIST 23,COOK,Elementary,1365.96,2306777.39,0.899326599,1688.759107
0501602500200,ARLINGTON HEIGHTS SCH DIST 25,COOK,Elementary,5305.25,7809799.22,0.897888792,1472.088821
0501602600200,RIVER TRAILS SCHOOL DIST 26,COOK,Elementary,1435.72,-1946729.92,1.087277991,-1355.925891
0501602700200,NORTHBROOK ELEM SCHOOL DIST 27,COOK,Elementary,1346,-10436960.44,1.554037895,-7754.05679
0501602800200,NORTHBROOK SCHOOL DIST 28,COOK,Elementary,1778.22,-16929602.16,1.682590636,-9520.532982
0501602900200,SUNSET RIDGE SCHOOL DIST 29,COOK,Elementary,510.5,-7420954.25,2.0692742,-14536.63908
0501603000200,NORTHBROOK/GLENVIEW SCH DIST 30,COOK,Elementary,1229,-10820131.09,1.631052881,-8804.012278
0501603100200,WEST NORTHFIELD SCHOOL DIST 31,COOK,Elementary,984,-2336597.15,1.149116802,-2374.5906
0501603400400,GLENVIEW C C SCHOOL DIST 34,COOK,Elementary,3968.73,-11210119.21,1.187580023,-2824.611201
0501603500200,GLENCOE SCHOOL DIST 35,COOK,Elementary,1219.25,-11920851.1,1.718508975,-9777.2
0501603600200,WINNETKA SCHOOL DIST 36,COOK,Elementary,1774.5,-20037261.64,1.833081054,-11291.77889
0501603700200,AVOCA SCHOOL DIST 37,COOK,Elementary,601.3,-6371113.14,1.733185549,-10595.56484
0501603800200,KENILWORTH SCHOOL DIST 38,COOK,Elementary,456,-6979118.91,2.130518652,-15305.08533
0501603900200,WILMETTE SCHOOL DIST 39,COOK,Elementary,3114.3,-17549277.41,1.4113598,-5635.063228
0501605400400,SCHAUMBURG C C SCHOOL DIST 54,COOK,Elementary,15012,56487106.98,0.768733924,3762.796894
0501605700200,MOUNT PROSPECT SCHOOL DIST 57,COOK,Elementary,2017.48,1072473.42,0.963342672,531.5906081
0501605900400,COMM CONS SCH DIST 59,COOK,Elementary,5639,-10666683.25,1.104223494,-1891.591284
0501606200400,DES PLAINES C C SCH DIST 62,COOK,Elementary,4107,-14996715.61,1.208169057,-3651.501244
0501606300200,EAST MAINE SCHOOL DIST 63,COOK,Elementary,3451.25,19434259.71,0.695900485,5631.078511
0501606400400,PARK RIDGE C C SCHOOL DIST 64,COOK,Elementary,4562.97,-9211913.96,1.141779071,-2018.841667
0501606500400,EVANSTON C C SCHOOL DIST 65,COOK,Elementary,6048.13,-31474598.18,1.336290202,-5204.021438
0501606700200,GOLF ELEM SCHOOL DIST 67,COOK,Elementary,630.64,-760021.31,1.077492155,-1205.158743
0501606800200,SKOKIE SCHOOL DIST 68,COOK,Elementary,1713.75,-2330335.4,1.08010166,-1359.78725
0501606900200,SKOKIE SCHOOL DIST 69,COOK,Elementary,1713.25,9017714.22,0.709485705,5263.513334
0501607000200,MORTON GROVE SCHOOL DIST 70,COOK,Elementary,863.63,186412,0.986000244,215.8470641
0501607100200,NILES ELEM SCHOOL DIST 71,COOK,Elementary,606.25,-1650335.56,1.169175469,-2722.202986
0501607200200,SKOKIE FAIRVIEW SCHOOL DIST 72,COOK,Elementary,701.56,-2794889.13,1.258613691,-3983.820529
0501607300200,EAST PRAIRIE SCHOOL DIST 73,COOK,Elementary,489.96,-330436.99,1.041775656,-674.4162585
0501607350200,SKOKIE SCHOOL DIST 73-5,COOK,Elementary,989.8,725680.64,0.953965508,733.1588604
0501607400200,LINCOLNWOOD SCHOOL DIST 74,COOK,Elementary,1151.38,-7230887.44,1.400699689,-6280.191978
0501620201700,EVANSTON TWP H S DIST 202,COOK,High School,3574.49,-7256600.86,1.120894429,-2030.108032
0501620301700,NEW TRIER TWP H S DIST 203,COOK,High School,3721.31,-56023642.87,1.977684559,-15054.81749
0501620701700,MAINE TOWNSHIP H S DIST 207,COOK,High School,6188.5,-11906665.93,1.110189872,-1923.998696
0501621101700,TOWNSHIP H S DIST 211,COOK,High School,12279.5,31421459.85,0.851656684,2558.85499
0501621401700,TOWNSHIP HIGH SCHOOL DIST 214,COOK,High School,11942.15,1928982.79,0.990830155,161.5272618
0501621901700,NILES TWP COMM HIGH SCH DIST 219,COOK,High School,4613.66,-53788649.06,1.661794296,-11658.56371
0501622501700,GLENBROOK HSD 225,COOK,High School,5058.98,-49307188.71,1.60148776,-9746.468401
0600000000093,REGION 06 WEST COOK ISC 2 - RSSP,COOK,Regional,69,322374.65,0.745551172,4672.096377
0600000000095,REGION 06 WEST COOK ISC 2 - ALOP,COOK,Regional,3238,29412935.75,0.502001625,9083.673796
0601607800200,ROSEMONT ELEM SCHOOL DIST 78,COOK,Elementary,196.75,-5624684.53,2.81259435,-28587.97728
0601607900200,PENNOYER SCHOOL DIST 79,COOK,Elementary,402.8,798215.59,0.880560485,1981.667304
0601608000200,NORRIDGE SCHOOL DIST 80,COOK,Elementary,1052.79,3253671.22,0.815107641,3090.522535
0601608100200,SCHILLER PARK SCHOOL DIST 81,COOK,Elementary,1279.25,6384336.2,0.722163188,4990.686887
0601608300200,MANNHEIM SCHOOL DIST 83,COOK,Elementary,2147.47,-10419890.25,1.262456339,-4852.170345
0601608400200,FRANKLIN PARK SCHOOL DIST 84,COOK,Elementary,1190.96,1324324.3,0.93457597,1111.980503
0601608450200,RHODES SCHOOL DIST 84-5,COOK,Elementary,483.73,-3808175.4,1.420797788,-7872.522688
0601608550200,RIVER GROVE SCHOOL DIST 85-5,COOK,Elementary,700.38,3666565.08,0.709254995,5235.108198
0601608600200,UNION RIDGE SCHOOL DIST 86,COOK,Elementary,594.5,2992595.31,0.712611236,5033.802035
0601608700200,BERKELEY SCHOOL DIST 87,COOK,Elementary,2120.3,8097685.35,0.794462937,3819.122459
0601608800200,BELLWOOD SCHOOL DIST 88,COOK,Elementary,1858.73,7379563.81,0.795522696,3970.218273
0601608900200,MAYWOOD-MELROSE PARK-BROADVIEW-89,COOK,Elementary,3798.55,17598305.53,0.763736798,4632.900852
0601609000200,RIVER FOREST SCHOOL DIST 90,COOK,Elementary,1317.98,-4395944.78,1.240911051,-3335.365317
0601609100200,FOREST PARK SCHOOL DIST 91,COOK,Elementary,667.5,-6636552.02,1.621888313,-9942.40003
0601609200200,LINDOP SCHOOL DISTRICT 92,COOK,Elementary,282.46,-1915719.89,1.395031073,-6782.269667
0601609250200,WESTCHESTER SCHOOL DIST 92-5,COOK,Elementary,1007.54,1805774.21,0.886647142,1792.260565
0601609300200,HILLSIDE SCHOOL DIST 93,COOK,Elementary,410.8,-1899649.5,1.268867891,-4624.2685
0601609400200,KOMAREK SCHOOL DIST 94,COOK,Elementary,522.5,1962139.75,0.762424208,3755.291388
0601609500200,BROOKFIELD SCHOOL DIST 95,COOK,Elementary,1353.5,7046527,0.644837885,5206.152198
0601609600200,RIVERSIDE SCHOOL DIST 96,COOK,Elementary,1715,765709.89,0.969162915,446.47807
0601609700200,OAK PARK ELEM SCHOOL DIST 97,COOK,Elementary,5442.88,2679252.31,0.965076545,492.2490134
0601609800200,BERWYN NORTH SCHOOL DIST 98,COOK,Elementary,2272.65,9294909.94,0.78225131,4089.89943
0601609900200,CICERO SCHOOL DISTRICT 99,COOK,Elementary,8445.29,32219620.6,0.813786423,3815.099375
0601610000200,BERWYN SOUTH SCHOOL DISTRICT 100,COOK,Elementary,2827.9,11548991.5,0.771069548,4083.946215
0601610100200,WESTERN SPRINGS SCHOOL DIST 101,COOK,Elementary,1428.12,-548405.57,1.028387619,-384.0052447
0601610200200,LA GRANGE SCHOOL DIST 102,COOK,Elementary,2820.46,3503518.06,0.912755885,1242.179666
0601610300200,LYONS SCHOOL DIST 103,COOK,Elementary,1960.8,8057098.87,0.773555791,4109.087551
0601610500200,LA GRANGE SCHOOL DIST 105 (SOUTH),COOK,Elementary,1163.25,-7660314.22,1.427607068,-6585.269048
0601610600200,LAGRANGE HIGHLANDS SCH DIST 106,COOK,Elementary,954.75,-348944.56,1.026297244,-365.4826499
0601610700200,PLEASANTDALE SCHOOL DIST 107,COOK,Elementary,777.62,-2564485.39,1.226702562,-3297.864497
0601620001300,OAK PARK & RIVER FOREST DIST 200,COOK,High School,3335.5,-8923487.12,1.169370628,-2675.307186
0601620101700,J S MORTON H S DISTRICT 201,COOK,High School,7544.32,49914015.67,0.679936626,6616.105318
0601620401700,LYONS TWP H S DIST 204,COOK,High School,3712,-11770957.49,1.197187124,-3171.055358
0601620801700,RIVERSIDE BROOKFIELD TWP DIST 208,COOK,High School,1627.33,9233760.59,0.657384434,5674.17831
0601620901700,PROVISO TWP H S DIST 209,COOK,High School,4259.98,29367809.45,0.662429864,6893.884349
0601621201600,LEYDEN COMM H S DIST 212,COOK,High School,3417.81,-8828817.34,1.137543841,-2583.179679
0601623401600,RIDGEWOOD COMM H S DIST 234,COOK,High School,956,4427012.74,0.739681313,4630.766464
0601640102600,ELMWOOD PARK C U SCH DIST 401,COOK,Unit,2773.95,15505391.52,0.688984274,5589.643476
0700000000093,REGION 07 SOUTH COOK ISC 4 - RSSP,COOK,Regional,135.98,690987.91,0.712154204,5081.540741
0700000000095,REGION 07 SOUTH COOK ISC 4 - ALOP,COOK,Regional,359,4011076.43,0.315104904,11172.91485
0701610400200,SUMMIT SCHOOL DIST 104,COOK,Elementary,1317.14,4975211.87,0.811796434,3777.284017
0701610800200,WILLOW SPRINGS SCHOOL DIST 108,COOK,Elementary,388.12,1364606.33,0.79451518,3515.93922
0701610900200,INDIAN SPRINGS SCHOOL DIST 109,COOK,Elementary,2353,13008745.31,0.699292474,5528.578542
0701611000200,CENTRAL STICKNEY SCH DIST 110,COOK,Elementary,268.89,-2661280.33,1.526472901,-9897.282643
0701611100200,BURBANK SCHOOL DISTRICT 111,COOK,Elementary,3172.4,17739596.19,0.694592183,5591.853546
0701611700200,NORTH PALOS SCHOOL DIST 117,COOK,Elementary,3126.5,15812132.1,0.728400826,5057.454694
0701611800400,PALOS COMM CONS SCHOOL DIST 118,COOK,Elementary,2074,4100915.16,0.874040356,1977.29757
0701612200200,RIDGELAND SCHOOL DISTRICT 122,COOK,Elementary,2265.75,13455312.15,0.678409247,5938.568752
0701612300200,OAK LAWN-HOMETOWN SCH DIST 123,COOK,Elementary,3204.5,17369376.43,0.669575595,5420.307826
0701612400200,EVERGREEN PK ELEM SCH DIST 124,COOK,Elementary,1684.47,4346495.54,0.8380143,2580.334194
0701612500200,ATWOOD HEIGHTS DISTRICT 125,COOK,Elementary,562.25,2746403.98,0.703228444,4884.666928
0701612600200,ALSIP-HAZLGRN-OAKLWN S DIST 126,COOK,Elementary,1498,1067268.75,0.95710242,712.4624499
0701612700200,WORTH SCHOOL DISTRICT 127,COOK,Elementary,916.87,2043417.06,0.877267165,2228.687884
0701612750200,CHICAGO RIDGE SCHOOL DIST 127-5,COOK,Elementary,1356.5,8553898.97,0.668363662,6305.859912
0701612800200,PALOS HEIGHTS SCHOOL DIST 128,COOK,Elementary,731.5,563196.25,0.947228818,769.9196856
0701613000200,COOK COUNTY SCHOOL DIST 130,COOK,Elementary,2799.8,9056987.11,0.81790211,3234.869316
0701613200200,CALUMET PUBLIC SCHOOLS DIST 132,COOK,Elementary,863.81,2668657.76,0.828678464,3089.403642
0701613300200,GEN GEO PATTON SCHOOL DIST 133,COOK,Elementary,179.89,-1580531.64,1.51184003,-8786.100617
0701613500200,ORLAND SCHOOL DISTRICT 135,COOK,Elementary,5135.55,6105986.56,0.92301676,1188.964485
0701614000200,KIRBY SCHOOL DIST 140,COOK,Elementary,3395.25,13508998.18,0.742060639,3978.793367
0701614200200,FOREST RIDGE SCHOOL DIST 142,COOK,Elementary,1454.38,6903566.58,0.694241154,4746.741966
0701614300200,MIDLOTHIAN SCHOOL DIST 143,COOK,Elementary,1506.75,7022409.79,0.72289717,4660.633675
0701614350200,POSEN-ROBBINS EL SCH DIST 143-5,COOK,Elementary,1179.25,5567541.9,0.751805934,4721.256646
0701614400200,PRAIRIE-HILLS ELEM SCH DIST 144,COOK,Elementary,2369.64,10682649.02,0.741166215,4508.131623
0701614500200,ARBOR PARK SCHOOL DISTRICT 145,COOK,Elementary,1148.5,6217079.01,0.668154658,5413.216378
0701614600400,TINLEY PARK COMM SCH DIST 146,COOK,Elementary,2235.63,3976921.53,0.886353241,1778.881805
0701614700200,W HARVEY-DIXMOOR PUB SCH DIST147,COOK,Elementary,739.25,1586341.14,0.893980283,2145.879121
0701614800200,DOLTON SCHOOL DISTRICT 148,COOK,Elementary,1918.5,5577861.77,0.838270671,2907.407751
0701614900200,DOLTON SCHOOL DISTRICT 149,COOK,Elementary,2228.98,9438889.67,0.76320885,4234.622863
0701615000200,SOUTH HOLLAND SCHOOL DIST 150,COOK,Elementary,792.22,3486203.99,0.732478915,4400.55034
0701615100200,SOUTH HOLLAND SCHOOL DIST 151,COOK,Elementary,1349.73,3519253.05,0.856836276,2607.375586
0701615200200,HARVEY SCHOOL DISTRICT 152,COOK,Elementary,1406.13,4684458.31,0.827084456,3331.454638
0701615250200,HAZEL CREST SCHOOL DIST 152-5,COOK,Elementary,859,2680866.53,0.8207436,3120.915634
0701615300200,HOMEWOOD SCHOOL DISTRICT 153,COOK,Elementary,1820.39,4983716.05,0.816229157,2737.718868
0701615400200,THORNTON SCHOOL DISTRICT 154,COOK,Elementary,248.13,1305216.08,0.685698417,5260.210696
0701615450200,BURNHAM SCHOOL DISTRICT 154-5,COOK,Elementary,152.88,792346.11,0.729171989,5182.797684
0701615500200,CALUMET CITY SCHOOL DISTRICT 155,COOK,Elementary,921.75,4155538.28,0.755366279,4508.313838
0701615600200,LINCOLN ELEM SCHOOL DIST 156,COOK,Elementary,699.38,2384492.81,0.813979411,3409.438088
0701615700200,HOOVER-SCHRUM MEMORIAL SD 157,COOK,Elementary,782.25,3115140.75,0.775044865,3982.282838
0701615800200,LANSING SCHOOL DISTRICT 158,COOK,Elementary,2439.12,7260367.52,0.820148462,2976.633999
0701615900200,ELEM SCHOOL DISTRICT 159,COOK,Elementary,1567.12,-7626735.68,1.305740291,-4866.720915
0701616000200,COUNTRY CLUB HILLS SCH DIST 160,COOK,Elementary,967.8,2085352.39,0.877297304,2154.734852
0701616100200,FLOSSMOOR SCHOOL DISTRICT 161,COOK,Elementary,2282.87,7032060.27,0.797128054,3080.35949
0701616200200,MATTESON ELEM SCHOOL DIST 162,COOK,Elementary,2280,5215562.37,0.859022941,2287.527355
0701616300200,PARK FOREST SCHOOL DIST 163,COOK,Elementary,1417.8,4242629.04,0.826668503,2992.403047
0701616700200,BROOKWOOD SCHOOL DIST 167,COOK,Elementary,1051.5,4929190.83,0.724595084,4687.770642
0701616800400,COMM CONS SCHOOL DIST 168,COOK,Elementary,1143,4130823.37,0.799141246,3614.018696
0701616900200,FORD HEIGHTS SCHOOL DISTRICT 169,COOK,Elementary,400.25,-185491.77,1.029090456,-463.4397751
0701617000200,CHICAGO HEIGHTS SCHOOL DIST 170,COOK,Elementary,2574.2,11699721.49,0.757669364,4544.993198
0701617100200,SUNNYBROOK SCHOOL DISTRICT 171,COOK,Elementary,999.5,4431946.54,0.730530525,4434.163622
0701617200200,SANDRIDGE SCHOOL DISTRICT 172,COOK,Elementary,424.71,2423684.12,0.660649427,5706.680135
0701619400200,STEGER SCHOOL DISTRICT 194,COOK,Elementary,1447,8997455.49,0.638288665,6218.006558
0701620501700,THORNTON TWP H S DIST 205,COOK,High School,4505.65,8119896.67,0.907750053,1802.158772
0701620601700,BLOOM TWP HIGH SCH DIST 206,COOK,High School,3033.5,18983149.57,0.682005489,6257.83734
0701621001700,LEMONT TWP H S DIST 210,COOK,High School,1308.98,-808869.38,1.03888063,-617.9386851
0701621501700,THORNTON FRACTIONAL T H S D 215,COOK,High School,3272.16,14165322.43,0.762814563,4329.043332
0701621701600,ARGO COMM H S DIST 217,COOK,High School,1841.49,8382871.73,0.768523572,4552.222239
0701621801600,COMMUNITY HIGH SCHOOL DIST 218,COOK,High School,5411.66,28149419.63,0.721942818,5201.623833
0701622001700,REAVIS TWP H S DIST 220,COOK,High School,1952.49,12952021.29,0.656828245,6633.591614
0701622701700,RICH TWP H S DISTRICT 227,COOK,High School,2994.83,1857929.7,0.965599264,620.3790198
0701622801600,BREMEN COMM H S DISTRICT 228,COOK,High School,4969.16,22367389.84,0.749371269,4501.241626
0701622901600,OAK LAWN COMM H S DIST 229,COOK,High School,1863.5,11938084.1,0.652749978,6406.269976
0701623001300,CONS HIGH SCHOOL DISTRICT 230,COOK,High School,7662.99,40786793.46,0.69413555,5322.569057
0701623101600,EVERGREEN PARK COMM HI SCH D 231,COOK,High School,940.5,1689938.51,0.8931475,1796.851154
0701623301600,HOMEWOOD FLOSSMOOR C H S D 233,COOK,High School,2762.82,10319347.88,0.773952665,3735.077884
0800000000092,CARROLL/JODAVIESS/STEPH ROE - TAOEP,JO DAVIESS,Regional,62,331432.56,0.65952856,5345.686452
0800000000093,CARROLL/JODAVIESS/STEPH ROE - RSSP,JO DAVIESS,Regional,27.32,85043.72,0.796339272,3112.874085
0800830802600,EASTLAND COMM UNIT SCH DIST 308,CARROLL,Unit,671.25,139621.88,0.984969303,208.0028007
0800831402600,WEST CARROLL,CARROLL,Unit,788.03,-294192.6,1.025697105,-373.32665
0800839902600,CHADWICK-MILLEDGEVILLE CUSD 399,CARROLL,Unit,359.86,-244513.32,1.049246148,-679.4679042
0804311902200,EAST DUBUQUE UNIT SCH DIST 119,JO DAVIESS,Unit,562.87,586579.08,0.921744646,1042.121769
0804312002200,GALENA UNIT SCHOOL DIST 120,JO DAVIESS,Unit,767.19,-768150.75,1.071301223,-1001.252297
0804320502600,WARREN COMM UNIT SCHOOL DIST 205,JO DAVIESS,Unit,345.7,482689.13,0.900651794,1396.265924
0804320602600,STOCKTON C U SCHOOL DIST 206,JO DAVIESS,Unit,474.46,579777.32,0.914069338,1221.973022
0804321002600,RIVER RIDGE C U SCH DIST 210,JO DAVIESS,Unit,409.78,-1432348.58,1.250787597,-3495.408707
0804321102600,SCALES MOUND C U SCH DISTRICT 211,JO DAVIESS,Unit,230.28,-1154339.68,1.381966089,-5012.765677
0808914502200,FREEPORT SCHOOL DIST 145,STEPHENSON,Unit,3440,16390365.6,0.702302777,4764.641163
0808920002600,PEARL CITY C U SCH DIST 200,STEPHENSON,Unit,397.25,1470347.44,0.742979208,3701.315142
0808920102600,DAKOTA COMM UNIT SCH DIST 201,STEPHENSON,Unit,729.46,1912897.21,0.811179811,2622.346955
0808920202600,LENA WINSLOW C U SCH DIST 202,STEPHENSON,Unit,743.28,2351335.9,0.776084638,3163.459127
0808920302600,ORANGEVILLE C U SCHOOL DIST 203,STEPHENSON,Unit,283.7,-250237.71,1.065736403,-882.0504406
0900000000092,CHAMPAIGN/FORD ROE - TAOEP,CHAMPAIGN,Regional,15.32,95494.55,0.590159164,6233.325718
0900000000093,CHAMPAIGN/FORD ROE - RSSP,CHAMPAIGN,Regional,98,519006.98,0.657901038,5295.989592
0901000102600,FISHER C U SCHOOL DISTRICT 1,CHAMPAIGN,Unit,595.27,2542067.31,0.694024764,4270.444185
0901000302600,MAHOMET-SEYMOUR C U SCH DIST 3,CHAMPAIGN,Unit,3368.25,13271688.94,0.711284124,3940.232744
0901000402600,CHAMPAIGN COMM UNIT SCH DIST 4,CHAMPAIGN,Unit,10234,20738239.12,0.867162252,2026.406011
0901000702600,TOLONO C U SCHOOL DIST 7,CHAMPAIGN,Unit,1469.78,5506811.34,0.730336433,3746.690893
0901000802600,HERITAGE COMM UNIT SCH DIST 8,CHAMPAIGN,Unit,376.5,-348895.18,1.067826165,-926.680425
0901011602200,URBANA SCHOOL DIST 116,CHAMPAIGN,Unit,4045.46,17881219.04,0.730963649,4420.070657
0901013000400,THOMASBORO C C SCHOOL DIST 130,CHAMPAIGN,Elementary,137.5,592363.69,0.73432009,4308.099564
0901013700200,RANTOUL CITY SCHOOL DIST 137,CHAMPAIGN,Elementary,1552.13,6760213.43,0.733033055,4355.442798
0901014200400,LUDLOW C C SCHOOL DIST 142,CHAMPAIGN,Elementary,53.04,-181571.87,1.22059243,-3423.300716
0901016900400,ST JOSEPH C C SCHOOL DIST 169,CHAMPAIGN,Elementary,737.29,2265576.6,0.764240956,3072.84325
0901018800400,GIFFORD C C SCHOOL DIST 188,CHAMPAIGN,Elementary,156.21,-15850.02,1.007677918,-101.4661033
0901019301700,RANTOUL TOWNSHIP H S DIST 193,CHAMPAIGN,High School,861,5423902.63,0.638931367,6299.538479
0901019700400,PRAIRIEVIEW-OGDEN CCSD 197,CHAMPAIGN,Elementary,272.38,257918.28,0.925925083,946.9060871
0901030501600,ST JOSEPH OGDEN C H S DIST 305,CHAMPAIGN,High School,447,1916026.27,0.707687844,4286.412237
0902700502600,GIBSON CITY-MELVIN-SIBLEY CUSD 5,FORD,Unit,913.86,1176809.37,0.908588709,1287.73485
0902701002600,PAXTON-BUCKLEY-LODA CU DIST 10,FORD,Unit,1205.95,4023704.51,0.772887979,3336.543397
1100000000092,CLK/CLS/CMBN/DGLAS/EDGR/M - TAOEP,COLES,Regional,30,-264560.98,1.619440193,-8818.699333
1100000000093,CLK/CLS/CMBN/DGLAS/EDGR/M - RSSP,COLES,Regional,96,284474.31,0.803934261,2963.274063
1101500102600,CHARLESTON C U SCHOOL DIST 1,COLES,Unit,2583.5,12091599.02,0.682232357,4680.31702
1101500202600,MATTOON C U SCHOOL DIST 2,COLES,Unit,2838.13,11049096.97,0.740394773,3893.09051
1101500502600,OAKLAND C U SCHOOL DIST 5,COLES,Unit,235.94,286075.69,0.915251116,1212.493388
1101800302600,NEOGA COMM UNIT SCHOOL DIST 3,CUMBERLAND,Unit,493.25,879162.36,0.873359835,1782.386944
1101807702600,CUMBERLAND C U SCHOOL DIST 77,CUMBERLAND,Unit,937.96,3142939.61,0.762370388,3350.824779
1102130102600,TUSCOLA C U SCHOOL DIST 301,DOUGLAS,Unit,869.14,1265192.7,0.895109974,1455.683434
1102130202600,VILLA GROVE C U SCH DIST 302,DOUGLAS,Unit,602.7,1971158.81,0.771068922,3270.547221
1102130502600,ARTHUR C U SCHOOL DIST 305,DOUGLAS,Unit,882.47,-1419876.21,1.111562339,-1608.97958
1102130602600,ARCOLA C U SCHOOL DISTRICT 306,DOUGLAS,Unit,634.29,2131856.19,0.78218013,3361.011824
1102300102600,SHILOH COMM UNIT SCH DIST 1,EDGAR,Unit,329.36,-696265.08,1.148553832,-2113.994049
1102300302600,KANSAS COMM UNIT SCHOOL DIST 3,EDGAR,Unit,164.1,-456249.7,1.198709272,-2780.315052
1102300402600,PARIS COMM UNIT SCHOOL DIST 4,EDGAR,Unit,568,166821.04,0.978287312,293.6990141
1102300602600,EDGAR COUNTY C U DIST 6,EDGAR,Unit,263.62,-175049.36,1.047809638,-664.0215462
1102309502500,PARIS-UNION SCHOOL DIST 95,EDGAR,Unit,1107.38,4622585.7,0.719918515,4174.344579
1107030002600,SULLIVAN C U SCHOOL DIST 300,MOULTRIE,Unit,1074.04,3511017.01,0.769106864,3268.981611
1107030202600,OKAW Valley CUSD 302,MOULTRIE,Unit,427.87,123404.39,0.979507071,288.4156169
1108700102600,WINDSOR COMM UNIT SCH DIST 1,SHELBY,Unit,312.25,1159083.32,0.737760288,3712.036253
1108700402600,SHELBYVILLE C U SCHOOL DIST 4,SHELBY,Unit,1169,4863263.5,0.703359918,4160.191189
1108702102600,CENTRAL A & M C U DIST #21,SHELBY,Unit,695,1866849.84,0.806730813,2686.114878
1200000000092,CLAY/CWFRD/JSPR/LWRNC/RHLND - TAOEP,RICHLAND,Regional,17,-14645.73,1.059188745,-861.5135294
1200000000093,CLAY/CWFRD/JSPR/LWRNC/RHLND - RSSP,RICHLAND,Regional,20,87697.49,0.681794303,4384.8745
1201301002600,CLAY CITY COMM UNIT DIST 10,CLAY,Unit,231.79,279846.99,0.919026995,1207.329868
1201302502600,NORTH CLAY C U SCHOOL DISTRICT 25,CLAY,Unit,518.5,1403944.01,0.814398961,2707.703009
1201303502600,FLORA COMM UNIT SCH DIST 35,CLAY,Unit,1216.8,4843015.09,0.725893592,3980.12417
1201700102600,HUTSONVILLE C U SCHOOL DIST 1,CRAWFORD,Unit,261.46,316133.45,0.911670523,1209.108277
1201700202600,ROBINSON C U SCHOOL DIST 2,CRAWFORD,Unit,1455.5,-91436.77,1.004524184,-62.82155273
1201700302600,PALESTINE C U SCHOOL DIST 3,CRAWFORD,Unit,314.75,1201459.23,0.723831046,3817.185798
1201700402600,OBLONG C U SCHOOL DIST 4,CRAWFORD,Unit,499.28,1595009.5,0.780845302,3194.619252
1204000102600,JASPER COUNTY COMM UNIT DIST 1,JASPER,Unit,1147.25,3506862.63,0.786761784,3056.755398
1205101002600,RED HILL C U SCHOOL DIST 10,LAWRENCE,Unit,855.45,2749035.97,0.770747044,3213.555404
1205102002600,LAWRENCE CO C U DISTRICT 20,LAWRENCE,Unit,1008.75,3000198.15,0.792945554,2974.174126
1208000102600,EAST RICHLAND C U SCH DIST 1,RICHLAND,Unit,2020.62,6987184.31,0.76179526,3457.940786
1300000000092,CLINTON/JFFRSN/MARN/WASHGTN - TAOEP,CLINTON,Regional,65.31,177407.09,0.816687265,2716.38478
1300000000093,CLINTON/JFFRSN/MARN/WASHGTN - RSSP,CLINTON,Regional,53.97,204634.61,0.738994943,3791.636279
1300000000095,CLINTON/JFFRSN/MARN/WASHGTN - ALOP,CLINTON,Regional,345,2886255.44,0.388168521,8365.957797
1301400102600,CARLYLE C U SCHOOL DISTRICT 1,CLINTON,Unit,917.65,1403739.83,0.892864269,1529.711578
1301400302600,WESCLIN C U SCHOOL DISTRICT 3,CLINTON,Unit,1254.69,4371493.18,0.752676536,3484.122118
1301401200400,BREESE SCHOOL DISTRICT 12,CLINTON,Elementary,551.63,954561.73,0.873367244,1730.438392
1301402100200,AVISTON SCHOOL DISTRICT 21,CLINTON,Elementary,426.5,1581717.57,0.70429248,3708.599226
1301404600200,WILLOW GROVE SCHOOL DISTRICT 46,CLINTON,Elementary,130.07,272890.92,0.857450739,2098.031214
1301405700200,BARTELSO SCHOOL DISTRICT 57,CLINTON,Elementary,164.72,429958.57,0.790260874,2610.239012
1301406000200,GERMANTOWN SCHOOL DISTRICT 60,CLINTON,Elementary,241,912166.78,0.704876447,3784.924398
1301406200200,DAMIANSVILLE SCHOOL DISTRICT 62,CLINTON,Elementary,102.75,398566.78,0.690326842,3878.995426
1301406300200,ALBERS SCHOOL DISTRICT 63,CLINTON,Elementary,153.5,332722.7,0.828536907,2167.574593
1301407101600,CENTRAL COMMUNITY H S DIST 71,CLINTON,High School,618,1673336.13,0.815579177,2707.663641
1301414150200,ST ROSE SCHOOL DISTRICT 14-15,CLINTON,Elementary,153.81,306970.37,0.84832217,1995.776412
1301418600200,NORTH WAMAC SCHOOL DISTRICT 186,CLINTON,Elementary,122.21,403789.64,0.772931141,3304.063825
1304100102600,WALTONVILLE C U SCHOOL DIST 1,JEFFERSON,Unit,295.71,933237.43,0.77668003,3155.921105
1304100200400,ROME COMM CONS SCHOOL DIST 2,JEFFERSON,Elementary,299.72,725775.63,0.825517641,2421.512178
1304100300400,FIELD COMM CONS SCHOOL DIST 3,JEFFERSON,Elementary,227.56,688769.91,0.772990604,3026.761777
1304100500400,OPDYKE-BELLE-RIVE CC SCH DIST 5,JEFFERSON,Elementary,132.4,158394.09,0.912394848,1196.329985
1304100600400,GRAND PRAIRIE C C SCH DIST 6,JEFFERSON,Elementary,67.89,162252.71,0.828997809,2389.935337
1304101200400,MCCLELLAN C C SCHOOL DIST 12,JEFFERSON,Elementary,54,-110929.18,1.155964228,-2054.244074
1304107900200,SUMMERSVILLE SCHOOL DIST 79,JEFFERSON,Elementary,268.5,1084115.56,0.702587501,4037.674339
1304108000200,MOUNT VERNON SCHOOL DIST 80,JEFFERSON,Elementary,1242.13,4178221.17,0.777532239,3363.755138
1304108200200,BETHEL SCHOOL DISTRICT 82,JEFFERSON,Elementary,145.13,486600.34,0.779478996,3352.858403
1304109900400,FARRINGTON C C SCHOOL DIST 99,JEFFERSON,Elementary,47.96,-97058.68,1.156271148,-2023.742285
1304117800400,SPRING GARDEN CONS SCHL DIST 178,JEFFERSON,Elementary,215.25,708349.7,0.762136558,3290.823229
1304120101700,MT VERNON TWP H S DIST 201,JEFFERSON,High School,1169.99,5619575.55,0.698220274,4803.097078
1304120902700,WOODLAWN UNIT DIST 209,JEFFERSON,Unit,497,2017523.89,0.709955672,4059.404205
1304131802700,BLUFORD UNIT DIST 318,JEFFERSON,Unit,367.71,1365292.19,0.740749885,3712.959098
1305800100300,RACCOON CONS SCHOOL DIST 1,MARION,Elementary,204.88,564610.42,0.793918859,2755.810328
1305800200300,KELL CONSOLIDATED SCHOOL DIST 2,MARION,Elementary,70.55,66099.26,0.930195755,936.9136782
1305800700400,IUKA COMM CONS SCHOOL DIST 7,MARION,Elementary,227.71,964128.39,0.693535616,4234.018664
1305801000400,SELMAVILLE C C SCH DIST 10,MARION,Elementary,224.14,580216.92,0.806488985,2588.63621
1305810002600,PATOKA COMM UNIT SCH DIST 100,MARION,Unit,207.79,-1261611.55,1.442770106,-6071.570095
1305811100200,SALEM SCHOOL DIST 111,MARION,Elementary,907,3685924.97,0.714672424,4063.864355
1305813300200,CENTRAL CITY SCHOOL DIST 133,MARION,Elementary,293.47,895712.07,0.786691169,3052.141854
1305813500200,CENTRALIA SCHOOL DIST 135,MARION,Elementary,1040.89,3156642.33,0.805625026,3032.637772
1305820001700,CENTRALIA H S DIST 200,MARION,High School,824.49,4094733.86,0.697106499,4966.383898
1305840102600,SOUTH CENTRAL COMM UNIT DIST 401,MARION,Unit,597.3,1872937.95,0.781131384,3135.673782
1305850102600,SANDOVAL C U SCHOOL DIST 501,MARION,Unit,375.95,1282526.45,0.775651724,3411.428248
1305860001600,SALEM COMM H S DIST 600,MARION,High School,690.16,3241992.59,0.696091538,4697.450722
1305872202600,ODIN C U SCHOOL DIST 722,MARION,Unit,224.21,763394.05,0.759601532,3404.817136
1309500100400,OAKDALE C C SCHOOL DISTRICT 1,WASHINGTON,Elementary,58.04,-77303.3,1.099027786,-1331.896968
1309501002600,WEST WASHINGTON CO C U DIST 10,WASHINGTON,Unit,519.75,1763030.7,0.748705758,3392.074459
1309501100400,IRVINGTON C C SCH DISTRICT 11,WASHINGTON,Elementary,63.89,225341,0.745427786,3527.015182
1309501500400,ASHLEY C C SCH DISTRICT 15,WASHINGTON,Elementary,117.06,-71438.68,1.045300751,-610.2740475
1309504900400,NASHVILLE C C SCH DISTRICT 49,WASHINGTON,Elementary,563.75,2042246.88,0.733310178,3622.610874
1309509901600,NASHVILLE COMM H S DISTRICT 99,WASHINGTON,High School,359.82,1030601.49,0.809720586,2864.214024
1501629902500,CITY OF CHICAGO SCHOOL DIST 299,COOK,Unit,312620.25,1574305125,0.732675939,5035.838611
1600000000093,DE KALB ROE - RSSP,DEKALB,Regional,60,313343.04,0.661443331,5222.384
1601942402600,GENOA KINGSTON C U S DIST 424,DEKALB,Unit,1490.2,3883648.55,0.823163474,2606.125721
1601942502600,INDIAN CREEK COMM UNIT DIST 425,DEKALB,Unit,697.25,-852669.96,1.086931549,-1222.904209
1601942602600,HIAWATHA C U SCHOOL DIST 426,DEKALB,Unit,398.75,-855242.91,1.15334421,-2144.809806
1601942702600,SYCAMORE C U SCHOOL DIST 427,DEKALB,Unit,3590.02,8901038.3,0.823828867,2479.384042
1601942802600,DEKALB COMM UNIT SCH DIST 428,DEKALB,Unit,6493.62,6891086.48,0.934319149,1061.208768
1601942902600,HINCKLEY BIG ROCK C U S D 429,DEKALB,Unit,695.25,628776.66,0.935947352,904.3892988
1601943002600,SANDWICH C U SCHOOL DIST 430,DEKALB,Unit,1796.21,4369725.41,0.834696963,2432.747513
1601943202600,SOMONAUK C U SCHOOL DIST 432,DEKALB,Unit,740,548054.48,0.947321076,740.6141622
1700000000093,DEWIT/LVNGTN/LGN/MCLEAN ROE - RSSP,MCLEAN,Regional,33,-135181.65,1.301531529,-4096.413636
1700000000095,DEWIT/LVNGTN/LGN/MCLEAN ROE - ALOP,MCLEAN,Regional,303,1948534.64,0.58440838,6430.807393
1702001502600,CLINTON C U SCHOOL DIST 15,DEWITT,Unit,1637.5,-1793625.6,1.077196702,-1095.343878
1702001802600,BLUE RIDGE COMM UNIT SCH DIST 18,DEWITT,Unit,600.75,-1385918.42,1.165128347,-2306.980308
1705300502600,WOODLAND C U S DIST 5,LIVINGSTON,Unit,424.21,1534954.32,0.750113684,3618.383159
1705300802600,PRAIRIE CENTRAL C U SCHOOL DIST 8,LIVINGSTON,Unit,1587.21,-297119.41,1.013457242,-187.1960295
1705307402700,FLANAGAN-CORNELL UNIT 74,LIVINGSTON,Unit,299.75,1142278.86,0.730366826,3810.771843
1705309001700,PONTIAC TWP H S DIST 90,LIVINGSTON,High School,659.98,3077526.94,0.702196066,4663.060911
1705323001700,DWIGHT TWP H S DIST 230,LIVINGSTON,High School,208.5,-705013.13,1.228511086,-3381.357938
1705323200200,DWIGHT COMMON SCHOOL DIST 232,LIVINGSTON,Elementary,468.8,971333.57,0.847651136,2071.957274
1705342500400,ROOKS CREEK C C SCH DIST 425,LIVINGSTON,Elementary,58.06,-79789.21,1.108070572,-1374.254392
1705342600400,CORNELL C C SCH DIST 426,LIVINGSTON,Elementary,102.25,296846.28,0.790286346,2903.142103
1705342900400,PONTIAC C C SCHOOL DIST 429,LIVINGSTON,Elementary,1020,3673892.59,0.749858438,3601.85548
1705343500400,ODELL COMM CONS SCHOOL DIST 435,LIVINGSTON,Elementary,166.37,690057.95,0.703354015,4147.730661
1705343800400,SAUNEMIN C CONSOL SCH DIST 438,LIVINGSTON,Elementary,107.45,384856.05,0.736561289,3581.722196
1705402102600,HARTSBURG EMDEN C U S DIST 21,LOGAN,Unit,175.69,-178772.66,1.072189085,-1017.546019
1705402302600,MT PULASKI COMM UNIT DIST 23,LOGAN,Unit,500.21,-1590189.87,1.234427425,-3179.044541
1705402700200,LINCOLN ELEM SCHOOL DIST 27,LOGAN,Elementary,1008.71,4265661.4,0.71454045,4228.828305
1705406100400,CHESTER-EAST LINCOLN CCS DIST 61,LOGAN,Elementary,269.8,-4721.1,1.001318013,-17.49851742
1705408800200,NEW HOLLAND-MIDDLETOWN E DIST 88,LOGAN,Elementary,70.3,-1366218.68,2.375909888,-19434.12063
1705409200400,WEST LINCOLN-BROADWELL E S D #92,LOGAN,Elementary,193,-175349.44,1.070875079,-908.5463212
1705440401600,LINCOLN COMM H S DIST 404,LOGAN,High School,760.32,2287432.14,0.808467107,3008.51239
1706400202600,LEROY COMMUNITY UNIT SCH DIST 2,MCLEAN,Unit,713.54,2197130.47,0.778132895,3079.19734
1706400302600,TRI VALLEY C U SCHOOL DISTRICT 3,MCLEAN,Unit,1075.46,3648057.28,0.746037836,3392.090157
1706400402600,HEYWORTH C U SCH DIST 4,MCLEAN,Unit,833.72,2831902.68,0.756128115,3396.707144
1706400502600,MCLEAN COUNTY UNIT DIST NO 5,MCLEAN,Unit,11940.02,42254974.42,0.757246619,3538.936653
1706400702600,LEXINGTON C U SCH DIST 7,MCLEAN,Unit,481.75,194547.53,0.970275578,403.8350389
1706401602600,OLYMPIA C U SCHOOL DIST 16,MCLEAN,Unit,1633.5,5023638.37,0.784547072,3075.383147
1706401902600,RIDGEVIEW COMM UNIT SCH DIST 19,MCLEAN,Unit,495.79,-439834.23,1.063009019,-887.1381633
1706408702500,BLOOMINGTON SCH DIST 87,MCLEAN,Unit,4563.31,17838875.09,0.754517791,3909.196414
1900000000093,DUPAGE ROE - RSSP,DUPAGE,Regional,51.3,266146.68,0.694593522,5188.044444
1900000000095,DUPAGE ROE - ALOP,DUPAGE,Regional,238,-1793901.62,1.451677387,-7537.401765
1902200200200,BENSENVILLE SCHOOL DISTRICT 2,DUPAGE,Elementary,1935.96,1914120.19,0.943915959,988.7188733
1902200400200,ADDISON SCHOOL DIST 4,DUPAGE,Elementary,3295.72,11768509.64,0.806163259,3570.846322
1902200700200,WOOD DALE SCHOOL DISTRICT 7,DUPAGE,Elementary,833.12,-1054482.63,1.071155176,-1265.703176
1902201000200,ITASCA SCHOOL DIST 10,DUPAGE,Elementary,950.05,-98924.59,1.007180211,-104.1256671
1902201100200,MEDINAH SCHOOL DISTRICT 11,DUPAGE,Elementary,711.5,569442.43,0.950159665,800.3407309
1902201200200,ROSELLE SCHOOL DISTRICT 12,DUPAGE,Elementary,695.75,-412695.43,1.039872545,-593.1662666
1902201300200,BLOOMINGDALE SCHOOL DISTRICT 13,DUPAGE,Elementary,1284.5,-1928725.34,1.106308032,-1501.537828
1902201500200,MARQUARDT SCHOOL DISTRICT 15,DUPAGE,Elementary,2308.56,1956965.81,0.951773933,847.6997825
1902201600200,QUEEN BEE SCHOOL DISTRICT 16,DUPAGE,Elementary,1600.55,3993283.81,0.855953494,2494.944744
1902202000200,KEENEYVILLE SCHOOL DISTRICT 20,DUPAGE,Elementary,1277.98,4017354.13,0.814407083,3143.51878
1902202500200,BENJAMIN SCHOOL DISTRICT 25,DUPAGE,Elementary,614.5,-2359478.16,1.259732226,-3839.671538
1902203300200,WEST CHICAGO SCHOOL DIST 33,DUPAGE,Elementary,3060.37,4931136.88,0.916144281,1611.287812
1902203400200,WINFIELD SCHOOL DISTRICT 34,DUPAGE,Elementary,282.5,-1075817.37,1.251288173,-3808.20308
1902204100200,GLEN ELLYN SCHOOL DISTRICT 41,DUPAGE,Elementary,3250.14,-7608141.62,1.160404654,-2340.865815
1902204400200,LOMBARD SCHOOL DISTRICT 44,DUPAGE,Elementary,2895.55,-11233431.97,1.255312009,-3879.550334
1902204500200,VILLA PARK SCHOOL DIST 45,DUPAGE,Elementary,3046.62,7617821.7,0.851555228,2500.417413
1902204800200,SALT CREEK SCHOOL DIST 48,DUPAGE,Elementary,466.38,-4861474.59,1.678640532,-10423.84877
1902205300200,BUTLER SCHOOL DISTRICT 53,DUPAGE,Elementary,460.98,-5768677.55,1.919180083,-12513.94323
1902205800200,DOWNERS GROVE GRADE SCH DIST 58,DUPAGE,Elementary,4745.64,-1773630.99,1.026775153,-373.739051
1902206000200,MAERCKER SCHOOL DISTRICT 60,DUPAGE,Elementary,1370.25,549710.46,0.974779436,401.1753038
1902206100200,DARIEN SCHOOL DIST 61,DUPAGE,Elementary,1218.5,300404.18,0.983659013,246.5360525
1902206200200,GOWER SCHOOL DIST 62,DUPAGE,Elementary,888.75,-2057784.5,1.1604081,-2315.369339
1902206300200,CASS SCHOOL DIST 63,DUPAGE,Elementary,726.46,-33575.91,1.003119981,-46.21852545
1902206600200,CENTER CASS SCHOOL DIST 66,DUPAGE,Elementary,1104.56,-672655.94,1.04329147,-608.9808974
1902206800200,WOODRIDGE SCHOOL DIST 68,DUPAGE,Elementary,2833.75,4466187.83,0.899285699,1576.069812
1902208601700,HINSDALE TWP H S DIST 86,DUPAGE,High School,3808,-32791511.03,1.547232633,-8611.216132
1902208701700,GLENBARD TWP H S DIST 87,DUPAGE,High School,7737,6316187.68,0.951194511,816.361339
1902208801600,DU PAGE HIGH SCHOOL DIST 88,DUPAGE,High School,3803.48,9995383.41,0.855975267,2627.9574
1902208900400,GLEN ELLYN C C SCHOOL DIST 89,DUPAGE,Elementary,2163.71,-1242160.88,1.039567612,-574.0884314
1902209300400,COMMUNITY CONSOLIDATED S D 93,DUPAGE,Elementary,3172.5,-10419600.56,1.206531073,-3284.350058
1902209401600,COMMUNITY HIGH SCH DISTRICT 94,DUPAGE,High School,2060.14,11420622.05,0.711272415,5543.614536
1902209901600,COMMUNITY HIGH SCHOOL DIST 99,DUPAGE,High School,4685.66,-14648202.62,1.193837898,-3126.177021
1902210001600,FENTON COMM H S DIST 100,DUPAGE,High School,1407.65,-1674530.93,1.064333503,-1189.593244
1902210801600,LAKE PARK COMM H S DIST 108,DUPAGE,High School,2539.15,-3219082.45,1.076915351,-1267.779552
1902218000400,COMMUNITY CONS SCH DIST 180,DUPAGE,Elementary,457.97,-3153748.83,1.413276472,-6886.365548
1902218100400,HINSDALE C C SCHOOL DIST 181,DUPAGE,Elementary,3364.2,-25463441.75,1.563126112,-7568.944103
1902220002600,COMMUNITY UNIT SCHOOL DIST 200,DUPAGE,Unit,11087.5,3003034.39,0.982469189,270.8486485
1902220102600,WESTMONT C U SCHOOL DIST 201,DUPAGE,Unit,1289.25,-5273377.31,1.259871927,-4090.26745
1902220202600,LISLE C U SCH DIST 202,DUPAGE,Unit,1541,-9979487.43,1.43455549,-6475.98146
1902220302600,NAPERVILLE C U DIST 203,DUPAGE,Unit,15701.25,-52743756.01,1.230012936,-3359.207452
1902220402600,INDIAN PRAIRIE C U SCH DIST 204,DUPAGE,Unit,25626.75,62436982.37,0.840554657,2436.398777
1902220502600,ELMHURST SCHOOL DIST 205,DUPAGE,Unit,8098.47,-14541087.94,1.12198364,-1795.535199
2000000000092,EDWD/GLT/HDN/POP/SLNE/W ROE - TAOEP,SALINE,Regional,13.99,-123553.46,1.638114968,-8831.555397
2000000000093,EDWD/GLT/HDN/POP/SLNE/W ROE - RSSP,SALINE,Regional,16.65,39283.08,0.831927735,2359.344144
2002400102600,EDWARDS COUNTY C U SCH DIST 1,EDWARDS,Unit,796.3,2578763.6,0.770090013,3238.432249
2003000702600,GALLATIN C U SCHOOL DISTRICT 7,GALLATIN,Unit,646.45,2362025.51,0.750772167,3653.840993
2003301002600,HAMILTON CO C U SCHOOL DIST 10,HAMILTON,Unit,1039.62,2833396.54,0.810040685,2725.415575
2003500102600,HARDIN CO COMM UNIT DIST 1,HARDIN,Unit,498.28,1848192.75,0.74020616,3709.144959
2007600102600,POPE CO COMM UNIT DIST 1,POPE,Unit,436.64,1143700.98,0.820773842,2619.322508
2008300102600,GALATIA C U SCHOOL DIST 1,SALINE,Unit,364.25,1400284.46,0.73396792,3844.295017
2008300202600,CARRIER MILLS-STONEFORT CUSD 2,SALINE,Unit,395.03,1313230.59,0.771739632,3324.38192
2008300302600,HARRISBURG C U SCHOOL DIST 3,SALINE,Unit,1678.25,6469856.14,0.739620816,3855.120596
2008300402600,ELDORADO COMM UNIT DISTRICT 4,SALINE,Unit,1010.5,4066337.67,0.725181447,4024.08478
2009301702400,ALLENDALE C C SCHOOL DIST 17,WABASH,Unit,160.95,530960.94,0.763926687,3298.918546
2009334802600,WABASH C U SCH DIST 348,WABASH,Unit,1291.45,4662965.19,0.749346053,3610.643223
2009600600400,NEW HOPE C C SCHOOL DIST 6,WAYNE,Elementary,194.5,654590.68,0.750469285,3365.504781
2009601400400,GEFF C C SCHOOL DISTRICT 14,WAYNE,Elementary,99.5,395482.85,0.714510085,3974.70201
2009601700400,JASPER COMM CONS SCHOOL DIST 17,WAYNE,Elementary,170.72,522393.09,0.771960111,3059.94078
2009610002600,WAYNE CITY C U SCHOOL DIST 100,WAYNE,Unit,453.04,788379.6,0.876944362,1740.198658
2009611200400,FAIRFIELD PUBLIC SCHOOL DIST 112,WAYNE,Elementary,543.64,1973079.23,0.746854577,3629.385678
2009620002600,NORTH WAYNE C U SCHOOL DIST 200,WAYNE,Unit,373.5,728697.64,0.860110633,1950.997697
2009622501600,FAIRFIELD COMM H S DIST 225,WAYNE,High School,443,2007198.3,0.706252939,4530.92167
2009700102600,GRAYVILLE C U SCHOOL DIST 1,WHITE,Unit,262,901798.45,0.762572886,3441.978817
2009700302600,NORRIS CITY-OMAHA-ENFIELD CUSD 3,WHITE,Unit,627.07,1674946.69,0.813139136,2671.068126
2009700502600,CARMI-WHITE COUNTY C U S DIST 5,WHITE,Unit,1208.87,3766712.61,0.784024059,3115.895514
2100000000092,FRANKLIN/JHNSN/MSC/WILMSN - TAOEP,FRANKLIN,Regional,75.3,201062.02,0.825476368,2670.146348
2100000000093,FRANKLIN/JHNSN/MSC/WILMSN - RSSP,FRANKLIN,Regional,15.98,-5321.22,1.024961368,-332.9924906
2100000000095,FRANKLIN/JHNSN/MSC/WILMSN - ALOP,FRANKLIN,Regional,428,3847527.53,0.37427048,8989.550304
2102804700400,BENTON COMM CONS SCH DIST 47,FRANKLIN,Elementary,994.25,3653538.44,0.742478285,3674.66778
2102809100400,AKIN COMM CONS SCHOOL DIST 91,FRANKLIN,Elementary,105.5,-270034.44,1.196839841,-2559.568152
2102809902600,CHRISTOPHER UNIT 99,FRANKLIN,Unit,673.75,2646451.86,0.737207884,3927.943391
2102810301300,BENTON CONS HIGH SCHOOL DIST 103,FRANKLIN,High School,600,3168290.69,0.663114301,5280.484483
2102811500400,EWING NORTHERN C C DISTRICT 115,FRANKLIN,Elementary,223.25,1018220.14,0.663499283,4560.896484
2102816802600,FRANKFORT COMM UNIT SCH DIST 168,FRANKLIN,Unit,1414.5,5491936.46,0.741642969,3882.599123
2102817402600,THOMPSONVILLE CUSD 174,FRANKLIN,Unit,278.94,964146.75,0.759586055,3456.466444
2102818802600,ZEIGLER-ROYALTON C U S DIST 188,FRANKLIN,Unit,455.78,1397355.48,0.79240961,3065.855193
2102819602600,SESSER-VALIER COMM UNIT S D 196,FRANKLIN,Unit,542.61,2024614.99,0.740324988,3731.252631
2104400102600,GOREVILLE COMM UNIT DIST 1,JOHNSON,Unit,577.11,2065626.97,0.744515225,3579.260401
2104403200300,NEW SIMPSON HILL CONS DIST 32,JOHNSON,Elementary,194.06,624506.72,0.764409929,3218.111512
2104404300300,BUNCOMBE CONS SCHOOL DIST 43,JOHNSON,Elementary,54.06,82765.49,0.893190465,1530.993156
2104405500200,VIENNA SCHOOL DIST 55,JOHNSON,Elementary,367.14,1401394.95,0.725590464,3817.058751
2104406400200,CYPRESS SCHOOL DIST 64,JOHNSON,Elementary,90.5,231445.25,0.818803547,2557.406077
2104413301700,VIENNA H S DISTRICT 133,JOHNSON,High School,311.66,1056146.34,0.780637773,3388.777321
2106100102600,MASSAC UNIT DISTRICT #1,MASSAC,Unit,1765.22,7106105.69,0.726378592,4025.620427
2106103802600,JOPPA-MAPLE GROVE UNIT DIST 38,MASSAC,Unit,189.7,457886.8,0.83650764,2413.741697
2110000102600,JOHNSTON CITY C U SCH DIST 1,WILLIAMSON,Unit,989.54,3919770.66,0.731496917,3961.204863
2110000202600,MARION COMM UNIT SCH DIST 2,WILLIAMSON,Unit,3509.8,10939203.51,0.787042631,3116.75979
2110000302600,CRAB ORCHARD C U SCH DIST 3,WILLIAMSON,Unit,447.45,1662266.16,0.736858365,3714.976333
2110000402600,HERRIN C U SCH DIST 4,WILLIAMSON,Unit,2208.55,8903211.83,0.728408999,4031.247574
2110000502600,CARTERVILLE C U SCH DIST 5,WILLIAMSON,Unit,2182.8,8453120.76,0.72450016,3872.604343
2400000000092,GRUNDY/KENDALL ROE - TAOEP,GRUNDY,Regional,44.31,-23229.15,1.034378526,-524.2417062
2400000000093,GRUNDY/KENDALL ROE - RSSP,GRUNDY,Regional,102.3,187174.22,0.880347827,1829.66002
2403200102600,COAL CITY C U SCHOOL DISTRICT 1,GRUNDY,Unit,2014.25,-1132299.8,1.040358594,-562.1446196
2403205400200,MORRIS SCHOOL DISTRICT 54,GRUNDY,Elementary,1023.55,2652215.42,0.824834747,2591.192829
2403207301700,GARDNER S WILMINGTON THS DIST 73,GRUNDY,High School,150.15,122230.5,0.947155323,814.0559441
2403207400300,SOUTH WILMINGTON CONS SCH DIST 74,GRUNDY,Elementary,79.8,64692.37,0.93907004,810.6813283
2403207500200,BRACEVILLE SCHOOL DIST 75,GRUNDY,Elementary,122.5,298373.06,0.825349354,2435.698449
2403210101600,MORRIS COMM HIGH SCH DIST 101,GRUNDY,High School,915.82,2429807.75,0.83294207,2653.149909
2403211101600,MINOOKA COMM H S DISTRICT 111,GRUNDY,High School,2904.83,7653605.07,0.826040556,2634.785881
2403220100400,MINOOKA COMM CONS S DIST 201,GRUNDY,Elementary,4253.29,6309468.35,0.890387361,1483.432437
2404701801600,NEWARK COMM H S DIST 18,KENDALL,High School,174.81,-322988.2,1.123367408,-1847.65288
2404706600400,NEWARK COMM CONS SCH DIST 66,KENDALL,Elementary,216.05,-61605.28,1.021459563,-285.1436242
2404708802600,PLANO COMM UNIT SCHOOL DIST 88,KENDALL,Unit,2314.54,6747295.83,0.818805928,2915.177888
2404709000400,LISBON COMM CONS SCH DIST 90,KENDALL,Elementary,121.13,199471.03,0.874111218,1646.751672
2404711502600,YORKVILLE COMM UNIT SCH DIST 115,KENDALL,Unit,6974,24184278.9,0.758027769,3467.777301
2404730802600,OSWEGO COMM UNIT SCHOOL DIST 308,KENDALL,Unit,16396.94,52483229.5,0.783147571,3200.794142
2600000000092,HANCK/FLTN/SCHYLR/MCDON ROE - TAOEP,MCDONOUGH,Regional,62,355886.75,0.621946912,5740.108871
2600000000093,HANCK/FLTN/SCHYLR/MCDON ROE - RSSP,MCDONOUGH,Regional,21,89384.2,0.690973286,4256.390476
2600000000095,HANCK/FLTN/SCHYLR/MCDON ROE - ALOP,MCDONOUGH,Regional,248,2152511.04,0.38100935,8679.48
2602900102600,ASTORIA COMM UNIT SCH DIST 1,FULTON,Unit,245.14,-57184.04,1.016840956,-233.2709472
2602900202600,V I T COMM UNIT SCH DISTRICT 2,FULTON,Unit,306.87,-23869.38,1.005491361,-77.78336103
2602900302600,COMM UNIT SCH DIST 3 FULTON CTY,FULTON,Unit,364.29,490038.77,0.904867996,1345.188641
2602900402600,SPOON RIVER VALLEY C U S DIST 4,FULTON,Unit,222.02,-974582.48,1.310688141,-4389.61571
2602906602500,CANTON UNION SCHOOL DIST 66,FULTON,Unit,1978.04,5467041.89,0.805845067,2763.868218
2602909702600,LEWISTOWN SCHOOL DIST 97,FULTON,Unit,557.96,1682710.52,0.791667189,3015.826439
2603430701600,ILLINI WEST H S DIST 307,HANCOCK,High School,348,1375429.53,0.743388847,3952.383707
2603431602600,WARSAW COMM UNIT SCH DISTRICT 316,HANCOCK,Unit,353.97,812830,0.834487897,2296.324547
2603431700400,CARTHAGE ESD 317,HANCOCK,Elementary,374.3,839006.1,0.83580953,2241.533796
2603432502600,NAUVOO-COLUSA C U S DIST 325,HANCOCK,Unit,217.5,-191765.21,1.065683994,-881.6791264
2603432700400,DALLAS ESD 327,HANCOCK,Elementary,144.74,27010.64,0.98620973,186.6148957
2603432802400,HAMILTON C C SCHOOL DIST 328,HANCOCK,Unit,540.04,2161645.49,0.718039055,4002.750704
2603433702600,SOUTHEASTERN C U SCH DIST 337,HANCOCK,Unit,403.04,-186990.43,1.03182201,-463.9500546
2603434700400,LA HARPE CUSD 347,HANCOCK,Elementary,172.79,-23803.22,1.009923789,-137.7580879
2606210302600,WEST PRAIRIE,MCDONOUGH,Unit,534.13,-591079.08,1.079092971,-1106.620261
2606217002600,BUSHNELL PRAIRIE CITY CUS D 170,MCDONOUGH,Unit,542.45,1316429.1,0.835924729,2426.82109
2606218502600,MACOMB COMM UNIT SCH DIST 185,MCDONOUGH,Unit,1875.78,8280257.93,0.694272381,4414.301213
2608500502600,SCHUYLER-INDUSTRY,SCHUYLER,Unit,844.04,975086.81,0.920309032,1155.261374
2800000000093,BUREAU/HENRY/STARK ROE - RSSP,HENRY,Regional,8,24786.93,0.770050738,3098.36625
2800000000095,BUREAU/HENRY/STARK ROE - ALOP,HENRY,Regional,63,502007.49,0.397789349,7968.372857
2800601700400,OHIO COMM CONS SCHOOL DIST 17,BUREAU,Elementary,72.25,-685929.47,1.68719149,-9493.833495
2800608400400,MALDEN COMM CONS SCH DIST 84,BUREAU,Elementary,75.05,-49510.86,1.048710791,-659.7049967
2800609400400,LADD COMM CONS SCHOOL DIST 94,BUREAU,Elementary,169.56,484308.36,0.799751268,2856.265393
2800609800200,DALZELL SCHOOL DISTRICT 98,BUREAU,Elementary,47.05,6161.79,0.990614261,130.962593
2800609900400,SPRING VALLEY C C SCH DIST 99,BUREAU,Elementary,573.5,2430450.35,0.718944544,4237.925632
2800610302200,DEPUE UNIT SCHOOL DIST 103,BUREAU,Unit,287.39,1042566.14,0.785428684,3627.705
2800611500200,PRINCETON ELEM SCHOOL DIST 115,BUREAU,Elementary,971.75,2482482.58,0.816498323,2554.651484
2800630302600,LA MOILLE C U SCHOOL DIST 303,BUREAU,Unit,180.75,-789502.46,1.305534609,-4367.92509
2800634002600,BUREAU VALLEY CUSD 340,BUREAU,Unit,850.55,-2110953.48,1.175812147,-2481.868767
2800650001500,PRINCETON HIGH SCH DIST 500,BUREAU,High School,466.65,1313491.36,0.816024512,2814.724869
2800650201700,HALL HIGH SCH DIST 502,BUREAU,High School,394.32,1761899.27,0.724896619,4468.196566
2800650501600,OHIO COMMUNITY H S DIST 505,BUREAU,High School,24.98,-946486.51,3.539589886,-37889.77222
2803719000200,COLONA SCHOOL DISTRICT 190,HENRY,Elementary,334.13,1098153.71,0.765733409,3286.606141
2803722302600,ORION COMM UNIT SCHOOL DIST 223,HENRY,Unit,957.45,2470611.66,0.805819267,2580.408021
2803722402600,GALVA COMM UNIT SCH DIST 224,HENRY,Unit,422.63,540463.53,0.910440977,1278.810141
2803722502600,ALWOOD COMM UNIT SCH DIST 225,HENRY,Unit,337.79,-845161.51,1.185561639,-2502.032357
2803722602600,ANNAWAN COMM UNIT SCH DIST 226,HENRY,Unit,305.38,-25792.88,1.006251499,-84.46158884
2803722702600,CAMBRIDGE C U SCH DIST 227,HENRY,Unit,424.95,1521705.66,0.743409195,3580.905189
2803722802600,GENESEO COMM UNIT SCH DIST 228,HENRY,Unit,2372.95,7649396.87,0.762494624,3223.581142
2803722902600,KEWANEE COMM UNIT SCH DIST 229,HENRY,Unit,1777.71,7975061.78,0.712574232,4486.143285
2803723002600,WETHERSFIELD C U SCH DIST 230,HENRY,Unit,487.21,1920016.15,0.728130551,3940.838961
2808800102600,BRADFORD COMM UNIT SCH DIST 1,STARK,Unit,203.12,-988900.69,1.354150327,-4868.554007
2808810002600,STARK COUNTY C U SCH DIST 100,STARK,Unit,593.76,519401.75,0.93787592,874.7671618
3000000000092,ALXDR/JKSN/PULSK/PRY/UN ROE - TAOEP,JACKSON,Regional,10.99,33200.08,0.772040036,3020.935396
3000000000093,ALXDR/JKSN/PULSK/PRY/UN ROE - RSSP,JACKSON,Regional,34,269377.83,0.452671946,7922.877353
3000000000095,ALXDR/JKSN/PULSK/PRY/UN ROE - ALOP,JACKSON,Regional,7,16454.03,0.841686502,2350.575714
3000200102200,CAIRO UNIT SCHOOL DISTRICT 1,ALEXANDER,Unit,265.88,-443034.12,1.106837596,-1666.293516
3000200502600,EGYPTIAN COMM UNIT SCH DIST 5,ALEXANDER,Unit,311.36,550949.54,0.879297593,1769.493641
3003908600300,DESOTO CONS SCHOOL DISTRICT 86,JACKSON,Elementary,179.25,632064.43,0.745972316,3526.161395
3003909500200,CARBONDALE ELEM SCH DIST 95,JACKSON,Elementary,1543,8286463.14,0.650382123,5370.358483
3003913000400,GIANT CITY C C SCHOOL DIST 130,JACKSON,Elementary,207.87,706117.16,0.746944413,3396.917112
3003914000400,UNITY POINT C C SCHOOL DIST 140,JACKSON,Elementary,567.89,2295049.68,0.714525436,4041.363081
3003916501600,CARBONDALE COMM H S DISTRICT 165,JACKSON,High School,1007,6276823.76,0.614061792,6233.19142
3003917602600,TRICO COMM UNIT SCH DISTRICT 176,JACKSON,Unit,829.75,3013136.9,0.754005178,3631.379211
3003918602600,MURPHYSBORO C U SCH DIST 186,JACKSON,Unit,1829.77,7634094.18,0.726517778,4172.160534
3003919602600,ELVERADO C U SCHOOL DIST 196,JACKSON,Unit,338.95,1131279.16,0.77615896,3337.598938
3007300500200,TAMAROA SCHOOL DIST 5,PERRY,Elementary,93.38,251453.11,0.797038913,2692.794067
3007305000200,PINCKNEYVILLE SCH DIST 50,PERRY,Elementary,495.75,1116720.55,0.835661377,2252.588099
3007310101600,PINCKNEYVILLE COMM H S DIST 101,PERRY,High School,386.15,1069580.57,0.81687346,2769.85775
3007320400400,COMMUNITY CONS SCH DIST 204,PERRY,Elementary,177.04,475192.49,0.795014082,2684.096758
3007330002600,DU QUOIN C U SCHOOL DISTRICT 300,PERRY,Unit,1293.21,4822119.8,0.74591176,3728.798726
3007710002600,CENTURY COMM UNIT SCH DIST 100,PULASKI,Unit,307.25,986082.23,0.775751078,3209.380732
3007710102600,MERIDIAN C U SCH DISTRICT 101,PULASKI,Unit,398.29,1310802.84,0.789557394,3291.076452
3009101600400,LICK CREEK C C SCH DISTRICT 16,UNION,Elementary,114.71,296801.86,0.805576419,2587.410513
3009101702200,COBDEN SCH UNIT DIST 17,UNION,Unit,424.37,1399367.72,0.78331019,3297.518015
3009103700400,ANNA C C SCH DIST 37,UNION,Elementary,548.21,1750814.45,0.776529186,3193.693019
3009104300400,JONESBORO C C SCHOOL DIST 43,UNION,Elementary,306.55,943137.68,0.777314102,3076.61941
3009106602200,DONGOLA SCH UNIT DIST 66,UNION,Unit,208.87,591697.46,0.81072244,2832.850385
3009108101600,ANNA JONESBORO COMM H S DIST 81,UNION,High School,474.15,1997094.11,0.73084467,4211.945819
3009108402600,SHAWNEE C U SCH DIST 84,UNION,Unit,261.28,-214519.83,1.056049184,-821.0342544
3100000000093,KANE ROE - RSSP,KANE,Regional,106,496436.79,0.73533147,4683.365943
3100000000095,KANE ROE - ALOP,KANE,Regional,1187,7828809.25,0.623558947,6595.458509
3104504602200,SCHOOL DISTRICT 46,KANE,Unit,33898.19,142495716.7,0.759579987,4203.637915
3104510102200,BATAVIA UNIT SCHOOL DIST 101,KANE,Unit,4903.29,-7848396.75,1.10989662,-1600.638908
3104512902200,AURORA WEST UNIT SCHOOL DIST 129,KANE,Unit,10473.03,42811267.08,0.768040325,4087.763243
3104513102200,AURORA EAST UNIT SCHOOL DIST 131,KANE,Unit,11781.71,55371404.31,0.762571679,4699.776544
3104530002600,COMM UNIT SCH DIST 300,KANE,Unit,20026.5,72484194.38,0.777188699,3619.413995
3104530102600,CENTRAL COMM UNIT SCH DIST 301,KANE,Unit,4952,20161937,0.722259854,4071.473546
3104530202600,KANELAND C U SCHOOL DIST 302,KANE,Unit,3735.95,-2751949.35,1.051994596,-736.6130034
3104530302600,ST CHARLES C U SCHOOL DIST 303,KANE,Unit,11484.35,-14016921.49,1.084625949,-1220.523712
3104530402600,GENEVA COMM UNIT SCH DIST 304,KANE,Unit,4951.21,-13573868.51,1.197016696,-2741.525508
3200000000092,IROQUOIS/KANKAKEE ROE - TAOEP,KANKAKEE,Regional,117,553652.62,0.709423301,4732.073675
3200000000093,IROQUOIS/KANKAKEE ROE - RSSP,KANKAKEE,Regional,45,324091.33,0.540647114,7202.029556
3203800302600,DONOVAN COMM UNIT SCHOOL DIST 3,IROQUOIS,Unit,282.25,-18269.55,1.00459181,-64.72825509
3203800402600,CENTRAL COMM UNIT SCHOOL DIST 4,IROQUOIS,Unit,925.94,2673324.68,0.79742286,2887.14677
3203800602600,CISSNA PARK COMM UNIT SCH DIST 6,IROQUOIS,Unit,285.25,1015583.8,0.747370307,3560.328834
3203800902600,IROQUOIS CO C U SCHOOL DIST 9,IROQUOIS,Unit,857.75,4067690.03,0.689025962,4742.279254
3203801002600,IROQUOIS WEST C U S DIST 10,IROQUOIS,Unit,770.36,2492389.37,0.788548879,3235.356677
3203812402600,MILFORD AREA PUBLIC SCHL DIST 124,IROQUOIS,Unit,466.25,-82933.16,1.012128943,-177.8727292
3203824902600,CRESCENT-IROQUOIS,IROQUOIS,Unit,108.5,-352952.36,1.234203398,-3253.017143
3204600102600,MOMENCE COMM UNIT SCH DIST 1,KANKAKEE,Unit,924.55,3654559.55,0.750914369,3952.798172
3204600202600,HERSCHER COMM UNIT SCH DIST 2,KANKAKEE,Unit,1614.62,1283389.87,0.942858385,794.855675
3204600502600,MANTENO COMM UNIT SCH DIST 5,KANKAKEE,Unit,1694.11,4204819.16,0.827623422,2482.022513
3204600602600,GRANT PARK C U  SCHOOL DIST 6,KANKAKEE,Unit,424.25,761386.04,0.874234041,1794.663618
3204602402700,ST ANNE UNIT DISTRICT 24,KANKAKEE,Unit,444.25,1180338.96,0.832556415,2656.925065
3204605300200,BOURBONNAIS SCHOOL DIST 53,KANKAKEE,Elementary,2215.7,7610548.63,0.761927511,3434.828104
3204606100200,BRADLEY SCHOOL DIST 61,KANKAKEE,Elementary,1190,3409652.63,0.813300246,2865.254311
3204611102500,KANKAKEE SCHOOL DIST 111,KANKAKEE,Unit,4244.13,19547586.88,0.734662461,4605.793621
3204625800400,ST GEORGE C C SCHOOL DIST 258,KANKAKEE,Elementary,365.5,709449.86,0.856438245,1941.039289
3204625900400,PEMBROKE C C SCHOOL DISTRICT 259,KANKAKEE,Elementary,177.5,454016.59,0.847315579,2557.839944
3204630701600,BRADLEY BOURBONNAIS C HS D 307,KANKAKEE,High School,1878.16,8125723.06,0.730726188,4326.427493
3300000000092,HENDRSN/KNOX/MERC/WRRN ROE - TAOEP,WARREN,Regional,67,344495.98,0.665253098,5141.731045
3300000000093,HENDRSN/KNOX/MERC/WRRN ROE - RSSP,WARREN,Regional,21,-57626.14,1.189502091,-2744.101905
3300000000095,HENDRSN/KNOX/MERC/WRRN ROE - ALOP,WARREN,Regional,85,836078.77,0.35741451,9836.220824
3303623502600,WEST CENTRAL,HENDERSON,Unit,700.75,-458889.73,1.047480306,-654.8551267
3304820202600,KNOXVILLE C U SCHOOL DIST 202,KNOX,Unit,882.03,2454072.6,0.803789779,2782.300602
3304820502600,GALESBURG C U SCHOOL DIST 205,KNOX,Unit,3647.04,14396384.71,0.747750009,3947.416181
3304820802600,R O W V A COMM UNIT SCH DIST 208,KNOX,Unit,569,581171.75,0.9247811,1021.391476
3304821002600,WILLIAMSFIELD C U S DIST 210,KNOX,Unit,279,43436.67,0.988443502,155.6869892
3304827602600,ABINGDON - AVON CUSD 276,KNOX,Unit,833.62,3165398.29,0.739958473,3797.171721
3306640402600,MERCER COUNTY SD 404,MERCER,Unit,1200.75,3445901.14,0.799005058,2869.790664
3309423802600,MONMOUTH-ROSEVILLE,WARREN,Unit,1461.12,6502602.42,0.725107453,4450.423251
3309430402600,UNITED CUSD 304,WARREN,Unit,929.75,707508.54,0.944924767,760.9664318
3400000000093,LAKE ROE - RSSP,LAKE,Regional,45.31,196560.5,0.746723423,4338.126241
3400000000095,LAKE ROE - ALOP,LAKE,Regional,86.66,-2999874.06,3.072884576,-34616.59428
3404900100200,WINTHROP HARBOR SCHOOL DIST 1,LAKE,Elementary,566.97,2582860.49,0.708661755,4555.550541
3404900300400,BEACH PARK C C SCHOOL DIST 3,LAKE,Elementary,1983.3,9204684.82,0.729976039,4641.095558
3404900600200,ZION ELEMENTARY SCHOOL DISTRICT 6,LAKE,Elementary,2114.25,2293637.62,0.941118105,1084.846929
3404902400400,MILLBURN C C SCHOOL DIST 24,LAKE,Elementary,1091.88,2872809.93,0.813707962,2631.067452
3404903300200,EMMONS SCHOOL DISTRICT 33,LAKE,Elementary,285.21,-521443.14,1.129751741,-1828.2779
3404903400400,ANTIOCH C C SCHOOL DISTRICT 34,LAKE,Elementary,2547.04,7233049.01,0.807578481,2839.786187
3404903600200,GRASS LAKE SCHOOL DIST 36,LAKE,Elementary,171.25,-1396478.72,1.55601352,-8154.620263
3404903700200,GAVIN SCHOOL DIST 37,LAKE,Elementary,746,3807329.77,0.691821943,5103.659209
3404903800200,BIG HOLLOW SCHOOL DIST 38,LAKE,Elementary,1645.71,6410771.04,0.745021739,3895.443936
3404904100400,LAKE VILLA C C SCHOOL DIST 41,LAKE,Elementary,2324.38,9334219.86,0.737479611,4015.789096
3404904600400,GRAYSLAKE C C SCHOOL DISTRICT 46,LAKE,Elementary,3528.04,15440581.99,0.715985114,4376.532576
3404905000400,WOODLAND C C SCHOOL DIST 50,LAKE,Elementary,4886.14,-185991.88,1.002417957,-38.06519666
3404905600200,GURNEE SCHOOL DIST 56,LAKE,Elementary,1823.81,5943017.93,0.802380554,3258.572949
3404906002600,WAUKEGAN C U SCHOOL DIST 60,LAKE,Unit,13612.95,76544500.46,0.717816067,5622.917917
3404906500200,LAKE BLUFF ELEM SCHOOL DIST 65,LAKE,Elementary,860.75,-5022625.85,1.412998945,-5835.173802
3404906700500,LAKE FOREST SCHOOL DIST 67,LAKE,Elementary,1627.38,-15009252.75,1.684017652,-9222.955149
3404906800200,OAK GROVE SCHOOL DIST 68,LAKE,Elementary,924.55,-4055205.76,1.31733468,-4386.140025
3404907000200,LIBERTYVILLE SCHOOL DIST 70,LAKE,Elementary,2143.25,-7206497.03,1.24567458,-3362.415504
3404907200200,RONDOUT SCHOOL DIST 72,LAKE,Elementary,150.3,-3315711.78,2.545085564,-22060.62395
3404907300400,HAWTHORN C C SCHOOL DIST 73,LAKE,Elementary,3432.72,2148286.66,0.960065881,625.8263593
3404907500200,MUNDELEIN ELEM SCHOOL DIST 75,LAKE,Elementary,1513.21,6127223.71,0.756555923,4049.156237
3404907600200,DIAMOND LAKE SCHOOL DIST 76,LAKE,Elementary,793.06,172984.37,0.987779436,218.1226767
3404907900200,FREMONT SCHOOL DIST 79,LAKE,Elementary,2050.5,166599.7,0.994302895,81.24832968
3404909502600,LAKE ZURICH C U SCH DIST 95,LAKE,Unit,5670.5,-2751712.57,1.03230834,-485.2680663
3404909600400,KILDEER COUNTRYSIDE C C S DIST 96,LAKE,Elementary,3402.46,-3594916.79,1.072707783,-1056.564013
3404910200400,APTAKISIC-TRIPP C C S DIST 102,LAKE,Elementary,2451,498706.86,0.986540754,203.4707711
3404910300200,LINCOLNSHIRE-PRAIRIEVIEW S D 103,LAKE,Elementary,1892.55,-8783082.47,1.334292791,-4640.872088
3404910600200,BANNOCKBURN SCHOOL DIST 106,LAKE,Elementary,168.48,-2506763.1,2.015498412,-14878.69836
3404910900200,DEERFIELD SCHOOL DIST 109,LAKE,Elementary,2662.16,-22475276.91,1.61781735,-8442.496661
3404911200200,NORTH SHORE SD 112,LAKE,Elementary,3602.06,-26264847.12,1.498797683,-7291.618441
3404911301700,TOWNSHIP HIGH SCHOOL DIST 113,LAKE,High School,3150.82,-49361151.44,1.985463937,-15666.12864
3404911400200,FOX LAKE GRADE SCHOOL DIST 114,LAKE,Elementary,570.64,-824058.16,1.090234375,-1444.094631
3404911501600,LAKE FOREST COMM H S DISTRICT 115,LAKE,High School,1386.82,-19801829.93,1.932585404,-14278.58693
3404911602600,ROUND LAKE AREA SCHS - DIST 116,LAKE,Unit,6255.94,29650535.07,0.753837538,4739.581113
3404911701600,ANTIOCH COMM HIGH SCH DIST 117,LAKE,High School,2571,9740718.7,0.766912323,3788.68872
3404911802600,WAUCONDA COMM UNIT S DIST 118,LAKE,Unit,4196.95,16938626.03,0.750934026,4035.937057
3404912001300,MUNDELEIN CONS HIGH SCH DIST 120,LAKE,High School,2243.5,11801455.16,0.706219586,5260.287569
3404912101700,WARREN TWP HIGH SCH DIST 121,LAKE,High School,3620.65,9309776.21,0.851780142,2571.299687
3404912401600,GRANT COMM H S DISTRICT 124,LAKE,High School,1791.49,9035393.32,0.704826208,5043.507538
3404912501300,ADLAI E STEVENSON DIST 125,LAKE,High School,4764,-16363514.77,1.217408741,-3434.826778
3404912601700,ZION-BENTON TWP H S DIST 126,LAKE,High School,2511.82,12211649.15,0.740663767,4861.673667
3404912701600,GRAYSLAKE COMM HIGH SCH DIST 127,LAKE,High School,2608.16,9202030.83,0.787894789,3528.169602
3404912801600,LIBERTYVILLE COMM H SCH DIST 128,LAKE,High School,3261.65,-33594754.5,1.656300764,-10299.92626
3404918702600,NORTH CHICAGO SCHOOL DIST 187,LAKE,Unit,3429.75,18918823.42,0.708610835,5516.094007
3404922002600,BARRINGTON C U SCHOOL DIST 220,LAKE,Unit,7933.87,-21913372.39,1.185675662,-2762.002956
3500000000092,LA SALLE/MARSHALL/PUTNM ROE - TAOEP,LASALLE,Regional,20.65,7377.43,0.975698367,357.2605327
3500000000093,LA SALLE/MARSHALL/PUTNM ROE - RSSP,LASALLE,Regional,26.31,-45866.98,1.124778685,-1743.328772
3500000000095,LA SALLE/MARSHALL/PUTNM ROE - ALOP,LASALLE,Regional,618,7822191.93,0.153313233,12657.2685
3505000102600,LELAND COMM UNIT SCH DIST 1,LASALLE,Unit,244.45,-467567.41,1.137574169,-1912.732297
3505000202600,COMMUNITY UNIT SCH DIST 2,LASALLE,Unit,583.88,-2000415.3,1.245515429,-3426.072652
3505000902600,EARLVILLE COMM UNIT SCH DIST 9,LASALLE,Unit,344.62,-125677.89,1.025386837,-364.6854216
3505001750400,DIMMICK C C SCHOOL DIST 175,LASALLE,Elementary,144.89,-561396.93,1.293149929,-3874.642349
3505004001700,STREATOR TWP H S DIST 40,LASALLE,High School,754.16,2855636.74,0.763997203,3786.513127
3505004400200,STREATOR ELEM SCHOOL DIST 44,LASALLE,Elementary,1420.99,6005999.85,0.719794984,4226.630624
3505006500400,Allen Otter Creek CCSD 65,LASALLE,Elementary,90.55,-587182.85,1.496132583,-6484.625621
3505007900400,TONICA COMM CONS SCH DIST 79,LASALLE,Elementary,109.05,-734347,1.509259193,-6734.039431
3505008200400,DEER PARK C C SCHOOL DIST 82,LASALLE,Elementary,37,-721914.79,2.567856056,-19511.21054
3505009500400,GRAND RIDGE C C SCHOOL DIST 95,LASALLE,Elementary,208.75,-178218.18,1.06640463,-853.7397844
3505012001700,LA SALLE-PERU TWP H S D 120,LASALLE,High School,1145.32,4366172.17,0.759322821,3812.185389
3505012200200,LASALLE ELEM SCHOOL DIST 122,LASALLE,Elementary,841.75,3790539.91,0.712588218,4503.165916
3505012400200,PERU ELEM SCHOOL DISTRICT 124,LASALLE,Elementary,879.75,4041795.44,0.679309252,4594.25455
3505012500200,OGLESBY ELEM SCH DIST 125,LASALLE,Elementary,378.71,288772.96,0.944653231,762.517388
3505014001700,OTTAWA TWP H S DIST 140,LASALLE,High School,1183.99,2302907.09,0.874560445,1945.039308
3505014100200,OTTAWA ELEM SCHOOL DIST 141,LASALLE,Elementary,1623.06,5317327.92,0.773972148,3276.112972
3505015000200,MARSEILLES ELEM SCHOOL DIST 150,LASALLE,Elementary,473.5,1979270.18,0.713114062,4180.084857
3505016001700,SENECA TWP H S DIST 160,LASALLE,High School,373.5,-8216976.72,2.489964889,-21999.93767
3505017000400,SENECA COMM CONS SCH DIST 170,LASALLE,Elementary,442.72,-3281972.1,1.567737527,-7413.200443
3505018500400,WALTHAM C C SCHOOL DIST 185,LASALLE,Elementary,224.14,143211.07,0.948784392,638.9357991
3505019500400,WALLACE C C SCHOOL DIST 195,LASALLE,Elementary,360.25,892710.87,0.811804932,2478.031561
3505021000400,MILLER TWP CC SCH DIST 210,LASALLE,Elementary,193.04,202342.37,0.918583654,1048.188821
3505023000400,RUTLAND C C SCHOOL DIST 230,LASALLE,Elementary,68,-646533.15,1.740567552,-9507.840441
3505028001700,MENDOTA TWP H S DIST 280,LASALLE,High School,465.82,875310.41,0.882806679,1879.074342
3505028900400,MENDOTA C C SCHOOL DIST 289,LASALLE,Elementary,967.19,2714197.02,0.817296838,2806.270764
3505042502600,LOSTANT COMM UNIT SCH DIST 425,LASALLE,Unit,90.13,-757828.79,1.62013056,-8408.174748
3505900502600,HENRY-SENACHWINE CUSD 5,MARSHALL,Unit,479.04,-179903.42,1.026752742,-375.5498914
3505900702600,MIDLAND COMMUNITY UNIT DIST 7,MARSHALL,Unit,620.05,1736965.14,0.805517832,2801.330764
3507853502600,PUTNAM CO C U SCHOOL DIST 535,PUTNAM,Unit,681.88,-2853141.97,1.300659499,-4184.228853
3900000000092,MACON/PIATT ROE - TAOEP,MACON,Regional,128,668922.62,0.667772595,5225.957969
3900000000093,MACON/PIATT ROE - RSSP,MACON,Regional,51.66,180998.5,0.769434989,3503.648858
3900000000095,MACON/PIATT ROE - ALOP,MACON,Regional,94,779855.23,0.389808179,8296.332234
3905500102600,ARGENTA-OREANA COMM UNIT SCH D 1,MACON,Unit,830.1,2330263.14,0.800886814,2807.207734
3905500202600,MAROA FORSYTH C U SCH DIST 2,MACON,Unit,1137.25,3194268.24,0.792819319,2808.765214
3905500302600,MT ZION COMM UNIT SCH DIST 3,MACON,Unit,2370.5,9103712.54,0.717146882,3840.418705
3905500902600,SANGAMON VALLEY CUSD 9,MACON,Unit,579.5,1234071.01,0.847657341,2129.544452
3905501102600,WARRENSBURG-LATHAM C U DIST 11,MACON,Unit,954,3849514.44,0.709147935,4035.13044
3905501502600,MERIDIAN COMM UNIT SCH DIST 15,MACON,Unit,883.54,2968719.79,0.7617952,3360.028737
3905506102500,DECATUR SCHOOL DISTRICT 61,MACON,Unit,7268.71,29485688.7,0.747894053,4056.522918
3907400502600,BEMENT COMM UNIT SCHOOL DIST 5,PIATT,Unit,263.03,-167001.11,1.045075297,-634.9127856
3907402502600,MONTICELLO C U SCHOOL DIST 25,PIATT,Unit,1639,-3898628.71,1.180495143,-2378.663032
3907405702600,DELAND-WELDON C U SCH DIST 57,PIATT,Unit,150.96,-1157769.97,1.551555406,-7669.382419
3907410002600,CERRO GORDO C U SCHOOL DIST 100,PIATT,Unit,430,524622.15,0.909610067,1220.051512
4000000000092,CALHN/GRN/JERSY/MACOPN ROE - TAOEP,MACOUPIN,Regional,16,76378.23,0.661761924,4773.639375
4000000000093,CALHN/GRN/JERSY/MACOPN ROE - RSSP,MACOUPIN,Regional,62.98,257465.95,0.725282418,4088.058908
4000000000095,CALHN/GRN/JERSY/MACOPN ROE - ALOP,MACOUPIN,Regional,56,473261.19,0.386188665,8451.092679
4000704002600,CALHOUN COMM UNIT SCH DIST 40,CALHOUN,Unit,476.89,1768428.67,0.732334441,3708.252784
4000704202600,BRUSSELS COMM UNIT SCHOOL DIST 42,CALHOUN,Unit,107.5,-204077.32,1.145612573,-1898.393674
4003100102600,CARROLLTON C U SCHOOL DIST 1,GREENE,Unit,421.21,843867.36,0.864125114,2003.436196
4003100302600,NORTH GREENE UNIT SCHOOL DIST 3,GREENE,Unit,745.7,2522187.27,0.770060008,3382.308261
4003101002600,GREENFIELD C U SCHOOL DIST 10,GREENE,Unit,384.77,1155210.72,0.782841464,3002.340931
4004210002600,JERSEY C U SCH DIST 100,JERSEY,Unit,2221.62,6621530.47,0.791239791,2980.496426
4005600102600,CARLINVILLE C U SCHOOL DIST 1,MACOUPIN,Unit,1215.36,4054187.78,0.768475874,3335.791683
4005600202600,NORTHWESTERN C U SCH DIST 2,MACOUPIN,Unit,287.87,868838.56,0.79124211,3018.162921
4005600502600,MOUNT OLIVE C U SCHOOL DIST 5,MACOUPIN,Unit,450.25,1804144.54,0.720810641,4006.983987
4005600602600,STAUNTON COMM UNIT SCH DIST 6,MACOUPIN,Unit,1111.96,3562724.04,0.773512511,3204.003777
4005600702600,GILLESPIE COMM UNIT SCH DIST 7,MACOUPIN,Unit,1032.21,3453997.21,0.773305586,3346.215605
4005600802600,BUNKER HILL C U SCHOOL DIST 8,MACOUPIN,Unit,523.5,1771439.04,0.763174806,3383.837708
4005600902600,SOUTHWESTERN C U SCH DIST 9,MACOUPIN,Unit,1107.2,2398609.34,0.845086086,2166.374043
4005603402600,NORTH MAC CUSD 34,MACOUPIN,Unit,1045.02,2384168.47,0.843777617,2281.457264
4100000000093,MADISON ROE - RSSP,MADISON,Regional,52.65,153004.95,0.80794415,2906.076923
4105700102600,ROXANA COMM UNIT SCHOOL DIST 1,MADISON,Unit,1600.75,-1925299.41,1.082997431,-1202.748343
4105700202600,TRIAD COMM UNIT SCHOOL DIST 2,MADISON,Unit,3867.96,12822620.39,0.755608142,3315.086089
4105700302600,VENICE COMM UNIT SCHOOL DIST 3,MADISON,Unit,70.79,-1764951.63,2.573041075,-24932.21684
4105700502600,HIGHLAND COMM UNIT SCH DIST 5,MADISON,Unit,2658.61,8184527.52,0.77753674,3078.498734
4105700702600,EDWARDSVILLE C U SCHOOL DIST 7,MADISON,Unit,6994.29,9268441.41,0.903641254,1325.143997
4105700802600,BETHALTO C U SCHOOL DIST 8,MADISON,Unit,2291,8510915.65,0.742844502,3714.93481
4105700902600,GRANITE CITY C U SCHOOL DIST 9,MADISON,Unit,5517.96,21598627.42,0.750560698,3914.24139
4105701002600,COLLINSVILLE C U SCH DIST 10,MADISON,Unit,5846.37,20879710.21,0.773465884,3571.39733
4105701102600,ALTON COMM UNIT SCHOOL DIST 11,MADISON,Unit,5370.72,18435238.55,0.775299821,3432.545087
4105701202600,MADISON COMM UNIT SCH DIST 12,MADISON,Unit,591.95,2573450.8,0.740715713,4347.41245
4105701300200,EAST ALTON SCHOOL DISTRICT 13,MADISON,Elementary,598.88,1620148.14,0.814921358,2705.296787
4105701401600,EAST ALTON-WOOD RIVER C H S D 14,MADISON,High School,525.5,1839576.44,0.783381084,3500.621199
4105701500300,WOOD RIVER-HARTFORD ELEM S D 15,MADISON,Elementary,519.04,-216691.71,1.029456207,-417.4855695
4400000000093,MCHENRY ROE - RSSP,MCHENRY,Regional,14,-29184.02,1.145931804,-2084.572857
4406300200300,NIPPERSINK SCHOOL DISTRICT 2,MCHENRY,Elementary,1091.04,237648.6,0.98381403,217.8184118
4406300300300,FOX RIVER GROVE CONS S D 3,MCHENRY,Elementary,410.46,-653609.4,1.114729011,-1592.382693
4406301202600,JOHNSBURG C U SCHOOL DIST 12,MCHENRY,Unit,1611.02,-87160.24,1.003772672,-54.1025189
4406301500400,MCHENRY C C SCHOOL DIST 15,MCHENRY,Elementary,3932.3,7255514.82,0.879503019,1845.107143
4406301800400,RILEY C C SCHOOL DIST 18,MCHENRY,Elementary,263.5,-569983.49,1.153868136,-2163.125199
4406301902400,ALDEN HEBRON SCHOOL DIST 19,MCHENRY,Unit,382.78,1088652.36,0.820407618,2844.068029
4406302600400,CARY C C SCHOOL DIST 26,MCHENRY,Elementary,2292,6380984.22,0.808743387,2784.024529
4406303600200,HARRISON SCHOOL DISTRICT 36,MCHENRY,Elementary,411.5,1606681.16,0.748294606,3904.449964
4406304600300,PRAIRIE GROVE C SCH DIST 46,MCHENRY,Elementary,862,-369962.77,1.0316771,-429.1911485
4406304700400,CRYSTAL LAKE C C SCH DIST 47,MCHENRY,Elementary,6867.38,17523652.05,0.826223023,2551.723081
4406305002600,HARVARD C U SCHOOL DIST 50,MCHENRY,Unit,2408.5,11372725.73,0.739788756,4721.912282
4406315401600,MARENGO COMM HS DIST 154,MCHENRY,High School,670.98,3454375.73,0.685580807,5148.254389
4406315501600,COMMUNITY HIGH SCHOOL DIST 155,MCHENRY,High School,5281.49,13629671.68,0.838386955,2580.648961
4406315601600,MCHENRY COMM H S DIST 156,MCHENRY,High School,2185.49,9091671.61,0.749990994,4160.015196
4406315701600,RICHMOND-BURTON COMM H SC D 157,MCHENRY,High School,529.65,-1666428.12,1.207015404,-3146.281733
4406315802200,HUNTLEY CONS SCHOOL DIST 158,MCHENRY,Unit,8318.6,20937824.74,0.827150747,2516.989005
4406316500300,MARENGO-UNION ELEM CONS DIST 165,MCHENRY,Elementary,1017.25,4345702.22,0.717095687,4272.010047
4406320002600,WOODSTOCK C U SCHOOL DIST 200,MCHENRY,Unit,5784.47,21299222.22,0.769164344,3682.138938
4500000000092,MONROE/RANDOLPH ROE - TAOEP,MONROE,Regional,2.32,-437636.42,17.43106866,-188636.3879
4500000000093,MONROE/RANDOLPH ROE - RSSP,MONROE,Regional,23,19268.26,0.939416168,837.7504348
4506700302600,VALMEYER COMM UNIT SCH DIST 3,MONROE,Unit,326.96,-503237.21,1.116508989,-1539.139987
4506700402600,COLUMBIA COMM UNIT SCH DIST 4,MONROE,Unit,1919.62,2211987.54,0.913242829,1152.304904
4506700502600,WATERLOO COMM UNIT SCH DIST 5,MONROE,Unit,2686.03,6315368.49,0.825349511,2351.190601
4507900102200,COULTERVILLE UNIT SCHOOL DIST 1,RANDOLPH,Unit,197.64,716249.19,0.752963473,3624.009259
4507912201900,CHESTER N H SCHOOL DIST 122,RANDOLPH,High School,34.98,74182.72,0.864610125,2120.718125
4507913202600,RED BUD C U SCHOOL DIST 132,RANDOLPH,Unit,912.28,-1721305.62,1.136669916,-1886.817227
4507913400400,PRAIRIE DU ROCHER C C S D 134,RANDOLPH,Elementary,106.31,184160.18,0.86754056,1732.294046
4507913802600,STEELEVILLE C U SCH DIST 138,RANDOLPH,Unit,438.25,2226224.59,0.641410029,5079.805111
4507913902600,CHESTER COMM UNIT SCH DIST 139,RANDOLPH,Unit,901.5,3863397.67,0.715855613,4285.521542
4507914002600,SPARTA C U SCHOOL DIST 140,RANDOLPH,Unit,1101.78,4335236.57,0.7279309,3934.757002
4700000000093,LEE/OGLE/WHITESIDE ROE - RSSP,LEE,Regional,40,196429.82,0.651873057,4910.7455
4700000000095,LEE/OGLE/WHITESIDE ROE - ALOP,LEE,Regional,138,1106844.41,0.462914846,8020.611667
4705217002200,DIXON UNIT SCHOOL DIST 170,LEE,Unit,2366.54,8095943.43,0.771673165,3421.004264
4705222000200,STEWARD ELEM SCHOOL DIST 220,LEE,Elementary,59.98,-128690.97,1.167537742,-2145.564688
4705227102600,PAW PAW CUSD 271,LEE,Unit,172.71,-821580.16,1.34594156,-4756.992415
4705227202600,AMBOY COMM UNIT SCHOOL DIST 272,LEE,Unit,664.38,412881.69,0.955693719,621.4541226
4705227502600,ASHTON COMM UNIT SCH DIST 275,LEE,Unit,447.8,59567.77,0.990566997,133.0231577
4707114400300,KINGS CONSOLIDATED SCH DIST 144,OGLE,Elementary,82.5,-224819.49,1.2011395,-2725.084727
4707116100400,CRESTON COMM CONS SCHOOL DIST 161,OGLE,Elementary,80.97,-421191.29,1.389647937,-5201.819069
4707121201700,ROCHELLE TWP HIGH SCH DIST 212,OGLE,High School,843.32,3884094.74,0.721851362,4605.718754
4707122002600,OREGON C U SCHOOL DIST-220,OGLE,Unit,1318.03,4941258.64,0.746537102,3748.972815
4707122102600,FORRESTVILLE VALLEY C U S D 221,OGLE,Unit,715.53,2096920.89,0.796128076,2930.584168
4707122202600,POLO COMM UNIT SCHOOL DIST 222,OGLE,Unit,538.75,1667860.25,0.789820157,3095.796288
4707122302600,MERIDIAN C U SCH DIST 223,OGLE,Unit,1439.45,3955077.86,0.807057197,2747.63129
4707122602600,BYRON COMM UNIT SCHOOL DIST 226,OGLE,Unit,1413.2,-2032899.88,1.105063197,-1438.508265
4707123100400,ROCHELLE COMM CONS DIST 231,OGLE,Elementary,1444.25,6513751.24,0.708525117,4510.127222
4707126900400,ESWOOD C C DISTRICT 269,OGLE,Elementary,81,-198098.5,1.180666455,-2445.660494
4709800102600,ERIE COMM UNIT SCH DIST 1,WHITESIDE,Unit,550.28,-8804190.41,2.195616606,-15999.47374
4709800202600,RIVER BEND COMM UNIT DIST 2,WHITESIDE,Unit,932,3995093.96,0.689800635,4286.581502
4709800302600,PROPHETSTOWN-LYNDON-TAMPICO CUSD3,WHITESIDE,Unit,685.88,1505553.48,0.847794589,2195.06835
4709800502600,STERLING C U DIST 5,WHITESIDE,Unit,3067.86,12709912.56,0.72014152,4142.924566
4709800602600,MORRISON COMM UNIT SCH DIST 6,WHITESIDE,Unit,932.94,3601946.3,0.72325016,3860.855253
4709801300200,ROCK FALLS ELEMENTARY SCH DIST 13,WHITESIDE,Elementary,785,3265896.44,0.729213154,4160.377631
4709802000200,EAST COLOMA - NELSON CESD 20,WHITESIDE,Elementary,215.5,-60956.09,1.019740343,-282.8588863
4709814500400,MONTMORENCY C C SCH DIST 145,WHITESIDE,Elementary,209.89,29757.24,0.98916763,141.7754062
4709830101700,ROCK FALLS TWP H S DIST 301,WHITESIDE,High School,542.49,1885278.98,0.788101239,3475.232686
4800000000092,PEORIA ROE - TAOEP,PEORIA,Regional,29,-922.36,1.002083721,-31.80551724
4800000000093,PEORIA ROE - RSSP,PEORIA,Regional,47,212693.81,0.67111823,4525.400213
4807206200200,PLEASANT VALLEY SCH DIST 62,PEORIA,Elementary,399.05,1526055.72,0.758714449,3824.221827
4807206300200,NORWOOD ELEM SCHOOL DIST 63,PEORIA,Elementary,342.89,1071121.42,0.778055328,3123.804777
4807206600200,BARTONVILLE SCHOOL DIST 66,PEORIA,Elementary,196.25,568920.72,0.793091941,2898.959083
4807206800200,OAK GROVE SCHOOL DIST 68,PEORIA,Elementary,270.14,762124.25,0.798551458,2821.219553
4807206900200,PLEASANT HILL SCHOOL DIST 69,PEORIA,Elementary,154.05,391684.89,0.838151249,2542.582863
4807207000200,MONROE SCHOOL DIST 70,PEORIA,Elementary,262.13,884454.25,0.750389567,3374.105406
4807215002500,PEORIA SCHOOL DISTRICT 150,PEORIA,Unit,12355.75,69903808.95,0.650194916,5657.593343
4807226502600,FARMINGTON CENTRAL C U S D 265,PEORIA,Unit,1154,4259106.73,0.732673404,3690.733735
4807230902600,BRIMFIELD C U SCHOOL DIST 309,PEORIA,Unit,575.03,424416.63,0.943780107,738.0773699
4807231001600,LIMESTONE COMM HIGH SCH DIST 310,PEORIA,High School,864.49,2893525.33,0.783290059,3347.089417
4807231600400,LIMESTONE WALTERS C C S DIST 316,PEORIA,Elementary,177.38,499253.42,0.781144084,2814.598151
4807232102600,IL VALLEY CENTRAL UNIT DIST 321,PEORIA,Unit,1932.45,8439776.77,0.687662392,4367.397226
4807232202600,ELMWOOD C U SCHOOL DISTRICT 322,PEORIA,Unit,607.78,2161335.24,0.739841672,3556.114449
4807232302600,DUNLAP C U SCHOOL DIST 323,PEORIA,Unit,4771.75,20025870.8,0.690886566,4196.756075
4807232502600,PEORIA HGHTS C U SCH DIST 325,PEORIA,Unit,679.62,2930041.19,0.712696182,4311.293355
4807232602600,PRINCEVILLE C U SCH DIST 326,PEORIA,Unit,603.53,921448.7,0.88841885,1526.765364
4807232702600,ILLINI BLUFFS CU SCH DIST 327,PEORIA,Unit,814.34,2295859.25,0.78770772,2819.288319
4807232800300,HOLLIS CONS SCHOOL DIST 328,PEORIA,Elementary,77.54,-1107296.14,2.129249737,-14280.32164
4900000000093,ROCK ISLAND ROE - RSSP,ROCK ISLAND,Regional,10,20905.46,0.845369745,2090.546
4908102900200,HAMPTON SCHOOL DISTRICT 29,ROCK ISLAND,Elementary,225.55,730776.68,0.752044562,3239.976413
4908103001700,UNITED TWP HS DISTRICT 30,ROCK ISLAND,High School,1822.5,11031096.58,0.629010878,6052.72789
4908103400200,SILVIS SCHOOL DISTRICT 34,ROCK ISLAND,Elementary,565.57,2321664.6,0.728153276,4104.999558
4908103600200,CARBON CLIFF-BARSTOW SCH DIST 36,ROCK ISLAND,Elementary,254.79,1013615.42,0.735038282,3978.238628
4908103700200,EAST MOLINE SCHOOL DISTRICT 37,ROCK ISLAND,Elementary,2516,12477421.51,0.690773589,4959.229535
4908104002200,MOLINE UNIT SCHOOL DISTRICT 40,ROCK ISLAND,Unit,7045.75,35985088.44,0.670931898,5107.346761
4908104102500,ROCK ISLAND SCHOOL DISTRICT 41,ROCK ISLAND,Unit,5921,29218623.09,0.686869741,4934.744653
4908110002600,RIVERDALE C U SCHOOL DIST 100,ROCK ISLAND,Unit,1014.25,2923815.24,0.785640448,2882.736248
4908120002600,SHERRARD COMM UNIT SCH DIST 200,ROCK ISLAND,Unit,1279.7,4040720.94,0.773136757,3157.553286
4908130002600,ROCKRIDGE C U SCHOOL DIST 300,ROCK ISLAND,Unit,1049.75,1034278.07,0.925278929,985.2613194
5000000000093,SAINT CLAIR ROE - RSSP,ST CLAIR,Regional,64.3,249092.48,0.733014413,3873.911042
5008200902600,LEBANON COMM UNIT SCH DIST 9,ST CLAIR,Unit,491.68,647745.35,0.907614576,1317.412443
5008201902600,MASCOUTAH C U DISTRICT 19,ST CLAIR,Unit,4152,17020956.34,0.69287827,4099.459619
5008203000300,ST LIBORY CONS SCH DIST 30,ST CLAIR,Elementary,64.3,67453.11,0.917894841,1049.037481
5008204002600,MARISSA C U SCH DIST 40,ST CLAIR,Unit,460.28,1585151.53,0.764734578,3443.885309
5008206002600,NEW ATHENS C U SCHOOL DIST 60,ST CLAIR,Unit,462.61,1731019.02,0.733725805,3741.853873
5008207000400,FREEBURG C C SCHOOL DIST 70,ST CLAIR,Elementary,757.56,2138575.73,0.783667006,2822.978682
5008207701600,FREEBURG COMM H S DIST 77,ST CLAIR,High School,688.5,2659131.2,0.734806041,3862.209441
5008208500200,SHILOH VILLAGE SCHOOL DIST 85,ST CLAIR,Elementary,571.5,1659276.49,0.779492543,2903.370936
5008209000400,O FALLON C C SCHOOL DIST 90,ST CLAIR,Elementary,3838.23,12390428.48,0.750332001,3228.162064
5008210400200,CENTRAL SCHOOL DIST 104,ST CLAIR,Elementary,592.5,1351607.65,0.838255926,2281.194346
5008210500200,PONTIAC-W HOLLIDAY SCH DIST 105,ST CLAIR,Elementary,589.46,-272083.12,1.032738835,-461.5802938
5008211000400,GRANT COMM CONS SCH DIST 110,ST CLAIR,Elementary,540.75,1906653.16,0.754272272,3525.942043
5008211300200,WOLF BRANCH SCH DIST 113,ST CLAIR,Elementary,785.75,2646299.11,0.738585604,3367.863964
5008211500200,WHITESIDE SCHOOL DIST 115,ST CLAIR,Elementary,1104.13,3201482.29,0.791779865,2899.551946
5008211600200,HIGH MOUNT SCHOOL DIST 116,ST CLAIR,Elementary,311.25,769627.58,0.828451201,2472.699052
5008211800200,BELLEVILLE SCHOOL DIST 118,ST CLAIR,Elementary,3113.8,10395937.84,0.772939081,3338.665887
5008211900200,BELLE VALLEY SCHOOL DIST 119,ST CLAIR,Elementary,927.72,3222298.12,0.760264759,3473.352003
5008213000400,SMITHTON C C SCHOOL DIST 130,ST CLAIR,Elementary,544.39,1602756.8,0.767986211,2944.133434
5008216000400,MILLSTADT C C  SCH DIST 160,ST CLAIR,Elementary,675.39,230433.58,0.973338252,341.1859518
5008217500200,HARMONY EMGE SCHOOL DIST 175,ST CLAIR,Elementary,666.8,2136171.75,0.78010353,3203.616902
5008218100200,SIGNAL HILL SCH DIST 181,ST CLAIR,Elementary,266.72,741768.37,0.801712086,2781.075172
5008218702600,CAHOKIA COMM UNIT SCH DIST 187,ST CLAIR,Unit,2900.28,9078005.94,0.812165428,3130.044665
5008218802200,BROOKLYN UNIT DISTRICT 188,ST CLAIR,Unit,131.46,236069.78,0.870525217,1795.753689
5008218902200,EAST ST LOUIS SCHOOL DIST 189,ST CLAIR,Unit,4155.27,-1646592.59,1.023952373,-396.2660886
5008219602600,DUPO COMM UNIT SCH DISTRICT 196,ST CLAIR,Unit,829.2,2578649.67,0.793964968,3109.804233
5008220101700,BELLEVILLE TWP HS DIST 201,ST CLAIR,High School,4642.49,22700362.49,0.688012499,4889.695506
5008220301700,O FALLON TWP HIGH SCH DIST 203,ST CLAIR,High School,2518,9980888.55,0.731366685,3963.815945
5100000000092,MENARD/SANGAMON ROE - TAOEP,SANGAMON,Regional,48.66,154697.11,0.795799454,3179.143239
5100000000093,MENARD/SANGAMON ROE - RSSP,SANGAMON,Regional,43.98,164740.47,0.744937313,3745.804229
5100000000095,MENARD/SANGAMON ROE - ALOP,SANGAMON,Regional,196,1044564.89,0.607377259,5329.412704
5106520002600,GREENVIEW C U SCH DIST 200,MENARD,Unit,203.25,46612.48,0.982957312,229.335695
5106520202600,PORTA COMM UNIT SCHOOL DIST 202,MENARD,Unit,945.63,2965490.07,0.77791181,3135.994067
5106521302600,ATHENS COMM UNIT SCH DIST 213,MENARD,Unit,934.38,2692805.9,0.792080363,2881.917314
5108400102600,TRI CITY COMM UNIT SCH DIST 1,SANGAMON,Unit,507.03,1525907.93,0.783672071,3009.502258
5108400502600,BALL CHATHAM C U SCHOOL DIST 5,SANGAMON,Unit,4480.7,14616184.65,0.761537707,3262.031524
5108400802600,PLEASANT PLAINS C U SCHOOL DIST 8,SANGAMON,Unit,1261,3412665.8,0.798085433,2706.31705
5108401002600,AUBURN COMM UNIT SCHOOL DIST 10,SANGAMON,Unit,994.78,2663428.12,0.81149731,2677.40417
5108401102600,PAWNEE COMM UNIT SCHOOL DIST 11,SANGAMON,Unit,513.88,-687001.64,1.098323517,-1336.891181
5108401402600,RIVERTON C U SCHOOL DIST 14,SANGAMON,Unit,1128.2,3759732.11,0.775759695,3332.504973
5108401502600,WILLIAMSVILLE C U SCHOOL DIST 15,SANGAMON,Unit,1408.62,4237327.79,0.772774341,3008.141152
5108401602600,COMMUNITY UNIT SCHOOL DIST 16,SANGAMON,Unit,773.94,385003.27,0.963133804,497.4588082
5108418602500,SPRINGFIELD SCHOOL DISTRICT 186,SANGAMON,Unit,12182.61,45042777.69,0.763189294,3697.301128
5300000000092,MASON/TAZEWELL/WOODFORD ROE - TAOEP,TAZEWELL,Regional,8,25890.04,0.770946527,3236.255
5300000000093,MASON/TAZEWELL/WOODFORD ROE - RSSP,TAZEWELL,Regional,11.64,-165994.05,2.083639467,-14260.65722
5306012602600,HAVANA COMM UNIT SCHOOL DIST 126,MASON,Unit,764.28,1544503.65,0.85908806,2020.861006
5306018902600,ILLINI CENTRAL C U SCH DIST 189,MASON,Unit,589.3,-877698.98,1.107324471,-1489.392466
5306019102600,MIDWEST CENTRAL CUSD 191,MASON,Unit,790.63,2311115.09,0.795051882,2923.131035
5309005000200,DISTRICT 50 SCHOOLS,TAZEWELL,Elementary,563.04,1681196.82,0.790987177,2985.927856
5309005100200,CENTRAL SCHOOL DISTRICT 51,TAZEWELL,Elementary,1324.5,5218206.23,0.692736641,3939.755553
5309005200200,WASHINGTON SCHOOL DIST 52,TAZEWELL,Elementary,825.05,2774666.69,0.744932777,3363.028532
5309007600200,CREVE COEUR SCHOOL DISTRICT 76,TAZEWELL,Elementary,470.3,1703091.47,0.759134043,3621.287412
5309008500200,ROBEIN SCHOOL DISTRICT 85,TAZEWELL,Elementary,152.72,609256.12,0.70631847,3989.366946
5309008600200,EAST PEORIA SCHOOL DISTRICT 86,TAZEWELL,Elementary,1366.88,510273.42,0.972973697,373.3125219
5309009800200,RANKIN COMMUNITY SCHOOL DIST 98,TAZEWELL,Elementary,183.63,-643670.49,1.27176111,-3505.257801
5309010200200,N PEKIN & MARQUETTE HGHT S D 102,TAZEWELL,Elementary,407.71,1365606.86,0.762101061,3349.456378
5309010800200,PEKIN PUBLIC SCHOOL DIST 108,TAZEWELL,Elementary,2973.3,11976309.93,0.72271583,4027.952084
5309013700200,SOUTH PEKIN SCHOOL DIST 137,TAZEWELL,Elementary,165.75,408661.41,0.822575372,2465.528869
5309030301600,PEKIN COMM H S DIST 303,TAZEWELL,High School,1700.98,8015747.19,0.704302437,4712.428829
5309030801600,WASHINGTON COMM H S DIST 308,TAZEWELL,High School,1423.82,6955885.07,0.670784296,4885.368284
5309030901600,EAST PEORIA COMM H S DIST 309,TAZEWELL,High School,865.16,2704315.02,0.802455202,3125.797563
5309060600400,SPRING LAKE C C SCH DIST 606,TAZEWELL,Elementary,56.13,-41493.17,1.059430826,-739.2333868
5309070102600,DEER CREEK-MACKINAW CUSD 701,TAZEWELL,Unit,928.79,2872209.13,0.774369913,3092.420386
5309070202600,TREMONT COMM UNIT DIST 702,TAZEWELL,Unit,886.28,2921031.8,0.756011561,3295.834048
5309070302600,DELAVAN COMM UNIT DIST 703,TAZEWELL,Unit,370.38,482175.72,0.90505498,1301.840596
5309070902600,MORTON C U SCHOOL DISTRICT 709,TAZEWELL,Unit,3186.78,8075489.2,0.812255877,2534.059207
5310200100400,METAMORA C C SCH DIST 1,WOODFORD,Elementary,815.2,2794688.3,0.733672894,3428.224117
5310200200400,RIVERVIEW C C SCHOOL DISTRICT 2,WOODFORD,Elementary,201.81,714362.32,0.744576104,3539.776622
5310200602600,FIELDCREST CUSD #6,WOODFORD,Unit,831.5,-1637895.89,1.140629871,-1969.808647
5310201102600,EL PASO-GRIDLEY CUSD 11,WOODFORD,Unit,1112.62,2416504.14,0.842610571,2171.90428
5310202102600,LOWPOINT-WASHBURN C U S DIST 21,WOODFORD,Unit,298.46,181073.39,0.956953879,606.6923206
5310206002600,ROANOKE BENSON C U S DIST 60,WOODFORD,Unit,437.25,-239399.38,1.041212908,-547.5114465
5310206900200,GERMANTOWN HILLS SCHOOL DIST 69,WOODFORD,Elementary,815.64,2996965.41,0.712707857,3674.372775
5310212201700,METAMORA TWP H S DIST 122,WOODFORD,High School,901.49,3546599.54,0.729177661,3934.152947
5310214002600,EUREKA C U DIST 140,WOODFORD,Unit,1527.5,5212397.61,0.749540163,3412.371594
5400000000092,VERMILION ROE - TAOEP,VERMILION,Regional,8,48920.4,0.610789415,6115.05
5400000000093,VERMILION ROE - RSSP,VERMILION,Regional,21.98,35724.54,0.891807501,1625.320291
5409200102600,BISMARCK HENNING C U SCHOOL DIST,VERMILION,Unit,778.86,2936834.51,0.736128879,3770.683448
5409200202600,WESTVILLE C U SCHOOL DIST 2,VERMILION,Unit,1122.8,4404496.18,0.735291647,3922.778928
5409200402600,GEORGETOWN-RIDGE FARM C U D 4,VERMILION,Unit,815.78,3130853.79,0.749372507,3837.865344
5409200702600,ROSSVILLE-ALVIN CU SCH DIST 7,VERMILION,Unit,379.25,1530954.67,0.724698668,4036.795438
5409201002600,POTOMAC C U SCH DIST 10,VERMILION,Unit,180.72,230150.54,0.908835218,1273.520031
5409201102600,HOOPESTON AREA C U SCH DIST 11,VERMILION,Unit,1055.71,4402011.34,0.725726428,4169.716437
5409206100300,ARMSTRONG-ELLIS CONS SCH DIST 61,VERMILION,Elementary,85.05,-114434.29,1.102331565,-1345.494297
5409207602600,OAKWOOD COMM UNIT DIST #76,VERMILION,Unit,801.69,2469085.04,0.785432395,3079.850117
5409211802400,DANVILLE C C SCHOOL DIST 118,VERMILION,Unit,4691.75,21007965.59,0.720989868,4477.639599
5409222501700,ARMSTRONG TWP HS DIST 225,VERMILION,High School,61.83,-596253.36,1.622718576,-9643.431344
5409251202600,SALT FORK CUD 512,VERMILION,Unit,821.75,2984929.41,0.741160757,3632.405732
5600000000092,WILL ROE - TAOEP,WILL,Regional,15,-303355.51,2.282988011,-20223.70067
5600000000093,WILL ROE - RSSP,WILL,Regional,42.63,42278.83,0.935883106,991.7623739
5600000000095,WILL ROE - ALOP,WILL,Regional,36,395751.71,0.337284407,10993.10306
5609901700200,CHANNAHON SCHOOL DISTRICT 17,WILL,Elementary,1128.64,-7149091.83,1.476708783,-6334.253464
5609908100200,UNION SCHOOL DIST 81,WILL,Elementary,141,-2253607.32,2.067525961,-15983.03064
5609908400200,ROCKDALE SCHOOL DISTRICT 84,WILL,Elementary,250.25,-1207944.36,1.296338956,-4826.95049
5609908600500,JOLIET SCHOOL DIST 86,WILL,Elementary,9212.55,34050497.09,0.790969831,3696.099027
5609908800200,CHANEY-MONGE SCH DISTRICT 88,WILL,Elementary,476,2273595.88,0.715630038,4776.461933
5609908900200,FAIRMONT SCHOOL DISTRICT 89,WILL,Elementary,257.12,128641.03,0.972073145,500.3151447
5609909000200,TAFT SCHOOL DISTRICT 90,WILL,Elementary,265.25,819417.2,0.794601581,3089.226013
5609909100200,LOCKPORT SCHOOL DIST 91,WILL,Elementary,497.13,582590.31,0.918738616,1171.907368
5609909200200,WILL COUNTY SCHOOL DISTRICT 92,WILL,Elementary,1383,-7189094.45,1.374956677,-5198.188322
5609911400200,MANHATTAN SCHOOL DIST 114,WILL,Elementary,1921.25,7452341.75,0.709402377,3878.902668
5609912200200,NEW LENOX SCHOOL DIST 122,WILL,Elementary,4731.8,7979023.23,0.874373066,1686.255385
5609915900200,MOKENA SCHOOL DIST 159,WILL,Elementary,1548.25,353081.6,0.983155614,228.0520588
5609916100200,SUMMIT HILL SCHOOL DIST 161,WILL,Elementary,2352.96,-4989954.08,1.155793093,-2120.713518
5609920202200,PLAINFIELD SCHOOL DIST 202,WILL,Unit,24104.39,77931203.14,0.785897549,3233.070953
5609920300400,ELWOOD C C SCH DIST 203,WILL,Elementary,294,-1153518.95,1.270334714,-3923.533844
5609920401700,JOLIET TWP HS DIST 204,WILL,High School,6729.65,31938263.39,0.739634567,4745.902594
5609920501700,LOCKPORT TWP HS DIST 205,WILL,High School,3748.99,7280276.15,0.878364455,1941.93
5609921001600,LINCOLN WAY COMM H S DIST 210,WILL,High School,6717,21166609.68,0.793122345,3151.199893
6510890108000,ILLINOIS STATE UNIVERSITY LAB SCH,MCLEAN,Labs,1081.5,4810449.99,0.673152502,4447.942663
6510890208000,UNIVERSITY OF ILLINOIS LAB SCHOOL,CHAMPAIGN,Labs,320,1347833.52,0.691913356,4211.97975
07016113A0200,LEMONT-BROMBEREK CSD 113A,COOK,Elementary,2623.25,1391015.14,0.962919897,530.2640389
11012002C2600,MARSHALL C U SCHOOL DIST 2C,CLARK,Unit,1177.21,3712164.42,0.776700336,3153.357872
11012003C2600,MARTINSVILLE C U SCH DIST 3C,CLARK,Unit,349.5,859317.07,0.830488505,2458.704063
11012004C2600,CASEY-WESTFIELD C U SCH DIST 4C,CLARK,Unit,809.77,2559578.69,0.779683302,3160.871223
11087003A2600,COWDEN-HERRICK CUD 3A,SHELBY,Unit,335.75,1181576.5,0.756921131,3519.21519
11087005A2600,STEWARDSON-STRASBURG CU DIST 5A,SHELBY,Unit,397.5,1614894.88,0.708870819,4062.628629
17053006J2600,TRI POINT C U SCH DIST 6-J,LIVINGSTON,Unit,341.29,-1467800.1,1.301344118,-4300.741598
24032002C0200,MAZON-VERONA-KINSMAN ESD 2C,GRUNDY,Elementary,313.55,-199845.29,1.047389303,-637.363387
24032024C0400,NETTLE CREEK C C SCH DIST 24C,GRUNDY,Elementary,77.63,-375597.33,1.38895097,-4838.301301
24032060C0400,SARATOGA COMM CONS S DIST 60C,GRUNDY,Elementary,751,303308.07,0.971803834,403.8722636
24032072C0400,GARDNER COMM CONS SCH DIST 72C,GRUNDY,Elementary,137.79,23177.43,0.987460091,168.2083605
51084003A2600,ROCHESTER COMM UNIT SCH DIST 3A,SANGAMON,Unit,1938.61,5731027.27,0.779714192,2956.25591
56099030C0400,TROY COMM CONS SCH DIST 30C,WILL,Elementary,3796.14,5332185.92,0.905155833,1404.633633
56099033C0400,HOMER COMM CONS SCH DIST 33C,WILL,Elementary,3596.22,-3849488.18,1.078523282,-1070.42622
56099070C0400,LARAWAY C C SCHOOL DIST 70C,WILL,Elementary,407.05,-9145450.48,2.381355837,-22467.63415
56099088A0200,RICHLAND SCHOOL DIST 88A,WILL,Elementary,775.79,670049.73,0.943795219,863.6998801
56099157C0400,FRANKFORT C C SCH DIST 157C,WILL,Elementary,2643.75,-1092576.72,1.031467627,-413.2677901
56099200U2600,BEECHER C U SCH DIST 200U,WILL,Unit,1043.75,2944252.11,0.808657984,2820.840345
56099201U2600,CRETE MONEE C U SCHOOL DIST 201U,WILL,Unit,4368.5,16682901.05,0.760478046,3818.908332
56099207U2600,PEOTONE C U SCH DIST 207U,WILL,Unit,1220.95,-864443,1.049071438,-708.008518
56099209U2600,WILMINGTON C U SCH DIST 209U,WILL,Unit,1232.12,4196609.65,0.770869428,3406.007248
56099255U2600,REED CUSTER C U SCH DIST 255U,WILL,Unit,1358,-8215222.33,1.415036946,-6049.500979
56099365U2600,VALLEY VIEW CUSD #365U,WILL,Unit,14459.13,44996848.64,0.812998726,3112.002495
